CREATE DATABASE  IF NOT EXISTS `piepay` /*!40100 DEFAULT CHARACTER SET utf8mb4 COLLATE utf8mb4_0900_ai_ci */ /*!80016 DEFAULT ENCRYPTION='N' */;
USE `piepay`;
-- MySQL dump 10.13  Distrib 8.0.36, for Win64 (x86_64)
--
-- Host: j10a402.p.ssafy.io    Database: piepay
-- ------------------------------------------------------
-- Server version	8.3.0

/*!40101 SET @OLD_CHARACTER_SET_CLIENT=@@CHARACTER_SET_CLIENT */;
/*!40101 SET @OLD_CHARACTER_SET_RESULTS=@@CHARACTER_SET_RESULTS */;
/*!40101 SET @OLD_COLLATION_CONNECTION=@@COLLATION_CONNECTION */;
/*!50503 SET NAMES utf8 */;
/*!40103 SET @OLD_TIME_ZONE=@@TIME_ZONE */;
/*!40103 SET TIME_ZONE='+00:00' */;
/*!40014 SET @OLD_UNIQUE_CHECKS=@@UNIQUE_CHECKS, UNIQUE_CHECKS=0 */;
/*!40014 SET @OLD_FOREIGN_KEY_CHECKS=@@FOREIGN_KEY_CHECKS, FOREIGN_KEY_CHECKS=0 */;
/*!40101 SET @OLD_SQL_MODE=@@SQL_MODE, SQL_MODE='NO_AUTO_VALUE_ON_ZERO' */;
/*!40111 SET @OLD_SQL_NOTES=@@SQL_NOTES, SQL_NOTES=0 */;

--
-- Table structure for table `account`
--

DROP TABLE IF EXISTS `account`;
/*!40101 SET @saved_cs_client     = @@character_set_client */;
/*!50503 SET character_set_client = utf8mb4 */;
CREATE TABLE `account` (
  `account_id` bigint NOT NULL AUTO_INCREMENT,
  `created_at` datetime(6) DEFAULT NULL,
  `updated_at` datetime(6) DEFAULT NULL,
  `account_no` varchar(255) NOT NULL,
  `bank_code` varchar(255) NOT NULL,
  `is_main_account` bit(1) DEFAULT NULL,
  `member_id` bigint DEFAULT NULL,
  PRIMARY KEY (`account_id`),
  UNIQUE KEY `UK_ruxg86y66hmn0a129n4j75akk` (`account_no`),
  KEY `FKr5j0huynd7nsv1s7e9vb8qvwo` (`member_id`),
  CONSTRAINT `FKr5j0huynd7nsv1s7e9vb8qvwo` FOREIGN KEY (`member_id`) REFERENCES `member` (`member_id`)
) ENGINE=InnoDB AUTO_INCREMENT=10 DEFAULT CHARSET=utf8mb4 COLLATE=utf8mb4_0900_ai_ci;
/*!40101 SET character_set_client = @saved_cs_client */;

--
-- Dumping data for table `account`
--

LOCK TABLES `account` WRITE;
/*!40000 ALTER TABLE `account` DISABLE KEYS */;
INSERT INTO `account` VALUES (1,'2024-04-04 08:52:28.312740','2024-04-04 08:52:28.312740','0045576756981355','004',_binary '',2),(2,'2024-04-04 08:52:55.734116','2024-04-04 08:52:55.734116','004590980510971','004',_binary '',1),(3,'2024-04-04 08:54:41.974454','2024-04-04 08:54:41.974454','00352394133770811','003',_binary '',3),(4,'2024-04-04 08:55:48.954089','2024-04-04 08:55:48.954089','0036011732451280','003',_binary '',4),(7,'2024-04-04 09:41:42.315270','2024-04-04 09:41:42.315270','0035239413377081','003',_binary '',7),(8,'2024-04-04 09:47:13.377174','2024-04-04 09:47:13.377174','0019329926547434','001',_binary '',9),(9,'2024-04-04 10:40:51.881046','2024-04-04 10:40:51.881046','0023175430346998','002',_binary '',10);
/*!40000 ALTER TABLE `account` ENABLE KEYS */;
UNLOCK TABLES;

--
-- Table structure for table `meet`
--

DROP TABLE IF EXISTS `meet`;
/*!40101 SET @saved_cs_client     = @@character_set_client */;
/*!50503 SET character_set_client = utf8mb4 */;
CREATE TABLE `meet` (
  `meet_id` bigint NOT NULL AUTO_INCREMENT,
  `created_at` datetime(6) DEFAULT NULL,
  `updated_at` datetime(6) DEFAULT NULL,
  `meet_image` varchar(200) DEFAULT NULL,
  `meet_invitation` varchar(10) NOT NULL,
  `meet_name` varchar(50) NOT NULL,
  PRIMARY KEY (`meet_id`),
  UNIQUE KEY `UK20amar1y458ckrbg47ljo8ols` (`meet_invitation`)
) ENGINE=InnoDB AUTO_INCREMENT=11 DEFAULT CHARSET=utf8mb4 COLLATE=utf8mb4_0900_ai_ci;
/*!40101 SET character_set_client = @saved_cs_client */;

--
-- Dumping data for table `meet`
--

LOCK TABLES `meet` WRITE;
/*!40000 ALTER TABLE `meet` DISABLE KEYS */;
INSERT INTO `meet` VALUES (1,'2024-04-04 08:57:36.629465','2024-04-04 08:57:36.629465',NULL,'4dc9bb','금붕어색 재규어 모임'),(2,'2024-04-04 08:58:02.514045','2024-04-04 08:58:02.514045',NULL,'1e2b79','맑은 고릴라 모임'),(3,'2024-04-04 08:58:50.513782','2024-04-04 08:58:50.513782',NULL,'fab42a','깊은 잭프루트 모임'),(4,'2024-04-04 09:07:40.665469','2024-04-04 09:07:40.665469',NULL,'e54f4b','성실한 콜라넛 모임'),(5,'2024-04-04 09:16:58.349636','2024-04-04 09:16:58.349636',NULL,'0b6eb3','가짜 목요일 모임'),(6,'2024-04-04 09:17:13.743019','2024-04-04 09:17:13.743019',NULL,'3c7667','목요일 모임'),(7,'2024-04-04 09:33:20.334784','2024-04-04 09:33:20.334784',NULL,'a34cd8','이상적인 타마린드 모임'),(8,'2024-04-04 09:45:45.810843','2024-04-04 09:45:45.810843',NULL,'a8cfd7','사공이들 모임'),(9,'2024-04-04 10:44:18.260335','2024-04-04 10:44:18.260335',NULL,'c40eea','당당한 딸기 모임'),(10,'2024-04-04 11:12:12.449696','2024-04-04 11:13:00.049183','https://piepay.s3.ap-southeast-2.amazonaws.com/9550b7e3-e6fc-490c-8175-cc5b3601e993%ED%8C%8C%ED%8E%98.png','2b16f7','다들고생했어요');
/*!40000 ALTER TABLE `meet` ENABLE KEYS */;
UNLOCK TABLES;

--
-- Table structure for table `member`
--

DROP TABLE IF EXISTS `member`;
/*!40101 SET @saved_cs_client     = @@character_set_client */;
/*!50503 SET character_set_client = utf8mb4 */;
CREATE TABLE `member` (
  `member_id` bigint NOT NULL AUTO_INCREMENT,
  `created_at` datetime(6) DEFAULT NULL,
  `updated_at` datetime(6) DEFAULT NULL,
  `api_key` varchar(255) DEFAULT NULL,
  `email` varchar(30) NOT NULL,
  `role` enum('ROLE_NOT_CERTIFIED_MEMBER','ROLE_CERTIFIED_MEMBER') DEFAULT NULL,
  `nickname` varchar(30) NOT NULL,
  `pay_password` varchar(255) DEFAULT NULL,
  `phone_number` varchar(11) DEFAULT NULL,
  `profile_image` varchar(255) DEFAULT NULL,
  PRIMARY KEY (`member_id`)
) ENGINE=InnoDB AUTO_INCREMENT=12 DEFAULT CHARSET=utf8mb4 COLLATE=utf8mb4_0900_ai_ci;
/*!40101 SET character_set_client = @saved_cs_client */;

--
-- Dumping data for table `member`
--

LOCK TABLES `member` WRITE;
/*!40000 ALTER TABLE `member` DISABLE KEYS */;
INSERT INTO `member` VALUES (1,'2024-04-04 08:50:47.550840','2024-04-04 08:53:06.113858','07bc85d2-d9ae-4612-8b38-51cc35f13121','onassis793@gmail.com','ROLE_CERTIFIED_MEMBER','류지수','007000','01094048168','http://k.kakaocdn.net/dn/bajme0/btsAeCJpUoO/qGU1N2OZqBcwWf1xE7Qrf1/img_640x640.jpg'),(2,'2024-04-04 08:50:50.749624','2024-04-04 08:52:37.192986','653a1764-cf1b-4ce3-9555-b68de823311d','shaq88@daum.net','ROLE_CERTIFIED_MEMBER','김준수','000000','01085308462','http://k.kakaocdn.net/dn/c5wo9e/btsEmLps0ZM/yGN6lKj7yGZxdIN4IykKf1/img_640x640.jpg'),(3,'2024-04-04 08:53:22.084699','2024-04-04 08:54:45.997277','5376ac93-87a8-4748-93f6-c74228b15685','hju754@naver.com','ROLE_CERTIFIED_MEMBER','황재언','000000','01098046891','http://k.kakaocdn.net/dn/bFPRbx/btqPYjW24zE/fISGsEtJH8WRaRtfyFjvTk/img_640x640.jpg'),(4,'2024-04-04 08:54:21.710748','2024-04-04 08:55:53.791363','1b2bc297-18de-471c-8e66-a17f01c41d7c','hgoa2000@naver.com','ROLE_CERTIFIED_MEMBER','석주','000000','01028391132','http://t1.kakaocdn.net/account_images/default_profile.jpeg.twg.thumb.R640x640'),(5,'2024-04-04 09:11:40.239513','2024-04-04 09:14:07.242553','72a0fbc4-f02e-4e2e-a5af-d3c49e379701','yooyoong98@naver.com','ROLE_NOT_CERTIFIED_MEMBER','최재용',NULL,'01068786598','http://t1.kakaocdn.net/account_images/default_profile.jpeg.twg.thumb.R640x640'),(7,'2024-04-04 09:28:25.292202','2024-04-04 09:41:46.874083','5376ac93-87a8-4748-93f6-c74228b15685','hju753@naver.com','ROLE_CERTIFIED_MEMBER','황재언','000000','01098046891','http://k.kakaocdn.net/dn/bFPRbx/btqPYjW24zE/fISGsEtJH8WRaRtfyFjvTk/img_640x640.jpg'),(9,'2024-04-04 09:45:43.017802','2024-04-04 09:47:17.493733','63b7cc44-8756-4b37-99e2-d7b40b04061e','a77771133@naver.com','ROLE_CERTIFIED_MEMBER','이성목','000000','01024601371','http://k.kakaocdn.net/dn/LhscA/btsGdStYNma/EQbk87hKDqFDkDIkkw4MY0/img_640x640.jpg'),(10,'2024-04-04 09:48:01.396233','2024-04-04 10:40:56.947228','587a94fa-804d-4338-afce-ec861341b754','head0618@kakao.com','ROLE_CERTIFIED_MEMBER','함승찬','000000','01098046891','http://k.kakaocdn.net/dn/di5cst/btsE90eEK9T/hwD7cQqAyLW3Sm87ggTsqK/img_640x640.jpg'),(11,'2024-04-04 10:37:14.432574','2024-04-04 10:37:14.432574','5cfaf556-a1d7-475d-b785-43f6dce89551','ckadltmf0224@naver.com','ROLE_NOT_CERTIFIED_MEMBER','이연우',NULL,NULL,'http://k.kakaocdn.net/dn/cixVN2/btsBy7BIRNu/eE2POgVCKgvgwwZ8KNsba0/img_640x640.jpg');
/*!40000 ALTER TABLE `member` ENABLE KEYS */;
UNLOCK TABLES;

--
-- Table structure for table `member_meet`
--

DROP TABLE IF EXISTS `member_meet`;
/*!40101 SET @saved_cs_client     = @@character_set_client */;
/*!50503 SET character_set_client = utf8mb4 */;
CREATE TABLE `member_meet` (
  `member_meet_id` bigint NOT NULL AUTO_INCREMENT,
  `created_at` datetime(6) DEFAULT NULL,
  `updated_at` datetime(6) DEFAULT NULL,
  `top_fixed` tinyint(1) DEFAULT '0',
  `meet_id` bigint NOT NULL,
  `member_id` bigint NOT NULL,
  PRIMARY KEY (`member_meet_id`),
  KEY `FK9oigmltklxm64vcm5qd6xxv3w` (`meet_id`),
  KEY `FK5s7oc7t6qsoqos6l77mxmfeqm` (`member_id`),
  CONSTRAINT `FK5s7oc7t6qsoqos6l77mxmfeqm` FOREIGN KEY (`member_id`) REFERENCES `member` (`member_id`),
  CONSTRAINT `FK9oigmltklxm64vcm5qd6xxv3w` FOREIGN KEY (`meet_id`) REFERENCES `meet` (`meet_id`)
) ENGINE=InnoDB AUTO_INCREMENT=21 DEFAULT CHARSET=utf8mb4 COLLATE=utf8mb4_0900_ai_ci;
/*!40101 SET character_set_client = @saved_cs_client */;

--
-- Dumping data for table `member_meet`
--

LOCK TABLES `member_meet` WRITE;
/*!40000 ALTER TABLE `member_meet` DISABLE KEYS */;
INSERT INTO `member_meet` VALUES (1,'2024-04-04 08:57:36.634717','2024-04-04 08:57:36.634717',0,1,2),(2,'2024-04-04 08:58:02.516058','2024-04-04 08:58:02.516058',0,2,3),(3,'2024-04-04 08:58:50.515657','2024-04-04 08:58:50.515657',0,3,3),(4,'2024-04-04 09:02:29.660686','2024-04-04 09:02:29.660686',0,2,2),(5,'2024-04-04 09:07:40.667638','2024-04-04 09:08:34.638786',0,4,4),(7,'2024-04-04 09:17:13.745033','2024-04-04 10:38:01.716655',1,6,2),(9,'2024-04-04 09:38:00.290008','2024-04-04 10:11:34.583107',1,6,4),(10,'2024-04-04 09:42:35.700082','2024-04-04 09:42:35.700082',0,6,7),(11,'2024-04-04 09:45:45.813256','2024-04-04 09:45:45.813256',0,8,2),(12,'2024-04-04 10:00:00.383307','2024-04-04 10:00:00.383307',0,1,1),(13,'2024-04-04 10:41:12.211302','2024-04-04 11:19:07.270219',1,6,10),(14,'2024-04-04 10:44:18.262899','2024-04-04 10:44:18.262899',0,9,4),(15,'2024-04-04 11:12:12.503756','2024-04-04 11:19:08.524352',1,10,10),(16,'2024-04-04 11:13:11.082944','2024-04-04 11:13:11.082944',0,10,9),(17,'2024-04-04 11:13:16.235013','2024-04-04 11:23:05.585106',1,10,2),(18,'2024-04-04 11:13:36.393917','2024-04-04 11:13:36.393917',0,10,7),(19,'2024-04-04 11:14:28.582962','2024-04-04 11:14:28.582962',0,10,1),(20,'2024-04-04 11:15:11.154464','2024-04-04 11:15:11.154464',0,10,4);
/*!40000 ALTER TABLE `member_meet` ENABLE KEYS */;
UNLOCK TABLES;

--
-- Table structure for table `menu`
--

DROP TABLE IF EXISTS `menu`;
/*!40101 SET @saved_cs_client     = @@character_set_client */;
/*!50503 SET character_set_client = utf8mb4 */;
CREATE TABLE `menu` (
  `menu_id` bigint NOT NULL AUTO_INCREMENT,
  `created_at` datetime(6) DEFAULT NULL,
  `updated_at` datetime(6) DEFAULT NULL,
  `menu_category` enum('NON_ALCOHOL','ALCOHOL') NOT NULL,
  `menu_name` varchar(50) NOT NULL,
  `menu_price` bigint NOT NULL,
  `store_id` bigint NOT NULL,
  PRIMARY KEY (`menu_id`),
  KEY `FK4sgenfcmk1jajhgctnkpn5erg` (`store_id`),
  CONSTRAINT `FK4sgenfcmk1jajhgctnkpn5erg` FOREIGN KEY (`store_id`) REFERENCES `store` (`store_id`)
) ENGINE=InnoDB AUTO_INCREMENT=109 DEFAULT CHARSET=utf8mb4 COLLATE=utf8mb4_0900_ai_ci;
/*!40101 SET character_set_client = @saved_cs_client */;

--
-- Dumping data for table `menu`
--

LOCK TABLES `menu` WRITE;
/*!40000 ALTER TABLE `menu` DISABLE KEYS */;
INSERT INTO `menu` VALUES (1,'2024-04-04 09:06:19.000000','2024-04-04 09:06:19.000000','NON_ALCOHOL','모둠족발(중)',42000,1),(2,'2024-04-04 09:06:19.000000','2024-04-04 09:06:19.000000','NON_ALCOHOL','모둠족발(대)',47000,1),(3,'2024-04-04 09:06:19.000000','2024-04-04 09:06:19.000000','NON_ALCOHOL','모둠족발(특대)',65000,1),(4,'2024-04-04 09:06:19.000000','2024-04-04 09:06:19.000000','NON_ALCOHOL','뽕족발(중)',40000,1),(5,'2024-04-04 09:06:19.000000','2024-04-04 09:06:19.000000','NON_ALCOHOL','뽕족발(대)',45000,1),(6,'2024-04-04 09:06:19.000000','2024-04-04 09:06:19.000000','NON_ALCOHOL','뽕족발(특대)',63000,1),(7,'2024-04-04 09:06:19.000000','2024-04-04 09:06:19.000000','NON_ALCOHOL','양념족발(중)',40000,1),(8,'2024-04-04 09:06:19.000000','2024-04-04 09:06:19.000000','NON_ALCOHOL','양념족발(대)',45000,1),(9,'2024-04-04 09:06:19.000000','2024-04-04 09:06:19.000000','NON_ALCOHOL','양념족발(특대)',63000,1),(10,'2024-04-04 09:06:19.000000','2024-04-04 09:06:19.000000','NON_ALCOHOL','쟁반막국수',13000,1),(11,'2024-04-04 09:06:19.000000','2024-04-04 09:06:19.000000','NON_ALCOHOL','참치김치찌개',10000,1),(12,'2024-04-04 09:06:19.000000','2024-04-04 09:06:19.000000','NON_ALCOHOL','계란찜',4000,1),(13,'2024-04-04 09:06:19.000000','2024-04-04 09:06:19.000000','NON_ALCOHOL','누룽지',5000,1),(14,'2024-04-04 09:06:19.000000','2024-04-04 09:06:19.000000','ALCOHOL','소주',5000,1),(15,'2024-04-04 09:06:19.000000','2024-04-04 09:06:19.000000','ALCOHOL','맥주',5000,1),(16,'2024-04-04 09:06:19.000000','2024-04-04 09:06:19.000000','ALCOHOL','막걸리',5000,1),(17,'2024-04-04 09:06:19.000000','2024-04-04 09:06:19.000000','NON_ALCOHOL','카페 아메리카노',4500,2),(18,'2024-04-04 09:06:19.000000','2024-04-04 09:06:19.000000','NON_ALCOHOL','카페 라떼',5000,2),(19,'2024-04-04 09:06:19.000000','2024-04-04 09:06:19.000000','NON_ALCOHOL','스타벅스 돌체 라데',5900,2),(20,'2024-04-04 09:06:19.000000','2024-04-04 09:06:19.000000','NON_ALCOHOL','카라멜 마키아또',5900,2),(21,'2024-04-04 09:06:19.000000','2024-04-04 09:06:19.000000','NON_ALCOHOL','카푸치노',5000,2),(22,'2024-04-04 09:06:19.000000','2024-04-04 09:06:19.000000','NON_ALCOHOL','카페 모카',5500,2),(23,'2024-04-04 09:06:19.000000','2024-04-04 09:06:19.000000','NON_ALCOHOL','화이트 초콜릿 모카',5900,2),(24,'2024-04-04 09:06:19.000000','2024-04-04 09:06:19.000000','NON_ALCOHOL','콜드 브루',4900,2),(25,'2024-04-04 09:06:19.000000','2024-04-04 09:06:19.000000','NON_ALCOHOL','자몽 허니 블랙 티',5700,2),(26,'2024-04-04 09:06:19.000000','2024-04-04 09:06:19.000000','NON_ALCOHOL','망고 바나나 블렌디드',6300,2),(27,'2024-04-04 09:06:19.000000','2024-04-04 09:06:19.000000','NON_ALCOHOL','에스프레소 프라푸치노',5500,2),(28,'2024-04-04 09:06:19.000000','2024-04-04 09:06:19.000000','NON_ALCOHOL','자바 침 프라푸치노',6300,2),(29,'2024-04-04 09:06:19.000000','2024-04-04 09:06:19.000000','NON_ALCOHOL','싸피택시',4800,13),(30,'2024-04-04 09:06:19.000000','2024-04-04 09:06:19.000000','NON_ALCOHOL','싸피당구장',2000,12),(31,'2024-04-04 09:06:19.000000','2024-04-04 09:06:19.000000','NON_ALCOHOL','수노래연습장 홍대 본점',2000,10),(32,'2024-04-04 09:06:19.000000','2024-04-04 09:06:19.000000','NON_ALCOHOL','뮤지컬 <디어 에반 핸슨>',130000,11),(33,'2024-04-04 09:06:19.000000','2024-04-04 09:06:19.000000','NON_ALCOHOL','뮤지컬 <헤드윅>',100000,11),(34,'2024-04-04 09:06:19.000000','2024-04-04 09:06:19.000000','NON_ALCOHOL','아이유 월드투어 콘서트',165000,11),(35,'2024-04-04 09:06:19.000000','2024-04-04 09:06:19.000000','NON_ALCOHOL','뮤지컬 <넥스트 투 노멀>',80000,11),(36,'2024-04-04 09:06:19.000000','2024-04-04 09:06:19.000000','NON_ALCOHOL','팝콘',5000,9),(37,'2024-04-04 09:06:19.000000','2024-04-04 09:06:19.000000','NON_ALCOHOL','콜라',2000,9),(38,'2024-04-04 09:06:19.000000','2024-04-04 09:06:19.000000','NON_ALCOHOL','스프라이트',2000,9),(39,'2024-04-04 09:06:19.000000','2024-04-04 09:06:19.000000','NON_ALCOHOL','영화 <듄-파트2>',15000,9),(40,'2024-04-04 09:06:19.000000','2024-04-04 09:06:19.000000','NON_ALCOHOL','김치부리또',4900,3),(41,'2024-04-04 09:06:19.000000','2024-04-04 09:06:19.000000','NON_ALCOHOL','핫치킨부리또',4900,3),(42,'2024-04-04 09:06:19.000000','2024-04-04 09:06:19.000000','NON_ALCOHOL','봄쑥라떼',4300,3),(43,'2024-04-04 09:06:19.000000','2024-04-04 09:06:19.000000','NON_ALCOHOL','대추동동수정과',3000,3),(44,'2024-04-04 09:06:19.000000','2024-04-04 09:06:19.000000','NON_ALCOHOL','피넛크리미라떼',4300,3),(45,'2024-04-04 09:06:19.000000','2024-04-04 09:06:19.000000','NON_ALCOHOL','제주말차크리미라떼',4300,3),(46,'2024-04-04 09:06:19.000000','2024-04-04 09:06:19.000000','NON_ALCOHOL','버터리소금빵',2800,3),(47,'2024-04-04 09:06:19.000000','2024-04-04 09:06:19.000000','NON_ALCOHOL','자몽허니블랙티',3800,3),(48,'2024-04-04 09:06:19.000000','2024-04-04 09:06:19.000000','NON_ALCOHOL','아메리카노',2500,3),(49,'2024-04-04 09:06:19.000000','2024-04-04 09:06:19.000000','NON_ALCOHOL','바나리카노',4000,3),(50,'2024-04-04 09:06:19.000000','2024-04-04 09:06:19.000000','NON_ALCOHOL','정식',15000,4),(51,'2024-04-04 09:06:19.000000','2024-04-04 09:06:19.000000','NON_ALCOHOL','국밥',10000,4),(52,'2024-04-04 09:06:19.000000','2024-04-04 09:06:19.000000','NON_ALCOHOL','술국',19000,4),(53,'2024-04-04 09:06:19.000000','2024-04-04 09:06:19.000000','NON_ALCOHOL','수육',36000,4),(54,'2024-04-04 09:06:19.000000','2024-04-04 09:06:19.000000','NON_ALCOHOL','토종순대',13000,4),(55,'2024-04-04 09:06:19.000000','2024-04-04 09:06:19.000000','NON_ALCOHOL','국밥특',15000,4),(56,'2024-04-04 09:06:19.000000','2024-04-04 09:06:19.000000','ALCOHOL','소주',5000,4),(57,'2024-04-04 09:06:19.000000','2024-04-04 09:06:19.000000','ALCOHOL','맥주',5000,4),(58,'2024-04-04 09:06:19.000000','2024-04-04 09:06:19.000000','ALCOHOL','막걸리',5000,4),(59,'2024-04-04 09:06:19.000000','2024-04-04 09:06:19.000000','NON_ALCOHOL','허니오리지날',19000,5),(60,'2024-04-04 09:06:19.000000','2024-04-04 09:06:19.000000','NON_ALCOHOL','허니콤보',23000,5),(61,'2024-04-04 09:06:19.000000','2024-04-04 09:06:19.000000','NON_ALCOHOL','허니순살',23000,5),(62,'2024-04-04 09:06:19.000000','2024-04-04 09:06:19.000000','NON_ALCOHOL','레드오리지날',23000,5),(63,'2024-04-04 09:06:19.000000','2024-04-04 09:06:19.000000','NON_ALCOHOL','레드윙',23000,5),(64,'2024-04-04 09:06:19.000000','2024-04-04 09:06:19.000000','NON_ALCOHOL','레드콤보',23000,5),(65,'2024-04-04 09:06:19.000000','2024-04-04 09:06:19.000000','NON_ALCOHOL','레드순살',23000,5),(66,'2024-04-04 09:06:19.000000','2024-04-04 09:06:19.000000','NON_ALCOHOL','교촌오리지날',19000,5),(67,'2024-04-04 09:06:19.000000','2024-04-04 09:06:19.000000','NON_ALCOHOL','교촌윙',22000,5),(68,'2024-04-04 09:06:19.000000','2024-04-04 09:06:19.000000','NON_ALCOHOL','교촌콤보',22000,5),(69,'2024-04-04 09:06:19.000000','2024-04-04 09:06:19.000000','NON_ALCOHOL','교촌순살',22000,5),(70,'2024-04-04 09:06:19.000000','2024-04-04 09:06:19.000000','ALCOHOL','소주',5000,5),(71,'2024-04-04 09:06:19.000000','2024-04-04 09:06:19.000000','ALCOHOL','맥주',5000,5),(72,'2024-04-04 09:06:19.000000','2024-04-04 09:06:19.000000','ALCOHOL','막걸리',5000,5),(73,'2024-04-04 09:06:19.000000','2024-04-04 09:06:19.000000','ALCOHOL','소주',5000,6),(74,'2024-04-04 09:06:19.000000','2024-04-04 09:06:19.000000','ALCOHOL','맥주',5000,6),(75,'2024-04-04 09:06:19.000000','2024-04-04 09:06:19.000000','ALCOHOL','막걸리',5000,6),(76,'2024-04-04 09:06:19.000000','2024-04-04 09:06:19.000000','NON_ALCOHOL','열탄불고기',10900,6),(77,'2024-04-04 09:06:19.000000','2024-04-04 09:06:19.000000','NON_ALCOHOL','7분돼지김치',8000,6),(78,'2024-04-04 09:06:19.000000','2024-04-04 09:06:19.000000','NON_ALCOHOL','한돈모둠한판(중)',38000,6),(79,'2024-04-04 09:06:19.000000','2024-04-04 09:06:19.000000','NON_ALCOHOL','한돈생삼겹살',15000,6),(80,'2024-04-04 09:06:19.000000','2024-04-04 09:06:19.000000','NON_ALCOHOL','한돈생목살',14000,6),(81,'2024-04-04 09:06:19.000000','2024-04-04 09:06:19.000000','NON_ALCOHOL','차돌박이',20000,6),(82,'2024-04-04 09:06:19.000000','2024-04-04 09:06:19.000000','NON_ALCOHOL','냉김치말이국수',6000,6),(83,'2024-04-04 09:06:19.000000','2024-04-04 09:06:19.000000','NON_ALCOHOL','멸치국수',6000,6),(84,'2024-04-04 09:06:19.000000','2024-04-04 09:06:19.000000','NON_ALCOHOL','짜장면',6500,8),(85,'2024-04-04 09:06:19.000000','2024-04-04 09:06:19.000000','NON_ALCOHOL','고추짜장',8000,8),(86,'2024-04-04 09:06:19.000000','2024-04-04 09:06:19.000000','NON_ALCOHOL','고기짜장',8500,8),(87,'2024-04-04 09:06:19.000000','2024-04-04 09:06:19.000000','NON_ALCOHOL','짬뽕',7800,8),(88,'2024-04-04 09:06:19.000000','2024-04-04 09:06:19.000000','NON_ALCOHOL','고추짬뽕',8900,8),(89,'2024-04-04 09:06:19.000000','2024-04-04 09:06:19.000000','NON_ALCOHOL','고기짬뽕',9500,8),(90,'2024-04-04 09:06:19.000000','2024-04-04 09:06:19.000000','NON_ALCOHOL','쟁반짜장(2인)',16000,8),(91,'2024-04-04 09:06:19.000000','2024-04-04 09:06:19.000000','NON_ALCOHOL','짬뽕밥',7800,8),(92,'2024-04-04 09:06:19.000000','2024-04-04 09:06:19.000000','NON_ALCOHOL','짜장밥',8500,8),(93,'2024-04-04 09:06:19.000000','2024-04-04 09:06:19.000000','NON_ALCOHOL','고추짬뽕밥',8900,8),(94,'2024-04-04 09:06:19.000000','2024-04-04 09:06:19.000000','NON_ALCOHOL','고기짬뽕밥',9500,8),(95,'2024-04-04 09:06:19.000000','2024-04-04 09:06:19.000000','NON_ALCOHOL','탕수육(소)',16800,8),(96,'2024-04-04 09:06:19.000000','2024-04-04 09:06:19.000000','NON_ALCOHOL','냉김치말이국수',6000,8),(97,'2024-04-04 09:06:19.000000','2024-04-04 09:06:19.000000','NON_ALCOHOL','멸치국수',6000,8),(98,'2024-04-04 09:06:19.000000','2024-04-04 09:06:19.000000','ALCOHOL','소주',5000,8),(99,'2024-04-04 09:06:19.000000','2024-04-04 09:06:19.000000','ALCOHOL','맥주',5000,8),(100,'2024-04-04 09:06:19.000000','2024-04-04 09:06:19.000000','ALCOHOL','막걸리',5000,8),(101,'2024-04-04 09:06:19.000000','2024-04-04 09:06:19.000000','NON_ALCOHOL','슈비버거 세트',9100,7),(102,'2024-04-04 09:06:19.000000','2024-04-04 09:06:19.000000','NON_ALCOHOL','슈슈버거 세트',7300,7),(103,'2024-04-04 09:06:19.000000','2024-04-04 09:06:19.000000','NON_ALCOHOL','1955버거 세트',9100,7),(104,'2024-04-04 09:06:19.000000','2024-04-04 09:06:19.000000','NON_ALCOHOL','빅맥 세트',8200,7),(105,'2024-04-04 09:06:19.000000','2024-04-04 09:06:19.000000','NON_ALCOHOL','맥스파이시 상하이버거 세트',8200,7),(106,'2024-04-04 09:06:19.000000','2024-04-04 09:06:19.000000','NON_ALCOHOL','더블 불고기버거 세트',7300,7),(107,'2024-04-04 09:06:19.000000','2024-04-04 09:06:19.000000','NON_ALCOHOL','베이컨 토마토 디럭스 세트',9000,7),(108,'2024-04-04 09:06:19.000000','2024-04-04 09:06:19.000000','NON_ALCOHOL','더블 쿼터파운더 치즈 세트',10400,7);
/*!40000 ALTER TABLE `menu` ENABLE KEYS */;
UNLOCK TABLES;

--
-- Table structure for table `notifications`
--

DROP TABLE IF EXISTS `notifications`;
/*!40101 SET @saved_cs_client     = @@character_set_client */;
/*!50503 SET character_set_client = utf8mb4 */;
CREATE TABLE `notifications` (
  `notification_id` bigint NOT NULL AUTO_INCREMENT,
  `created_at` datetime(6) DEFAULT NULL,
  `updated_at` datetime(6) DEFAULT NULL,
  `message` varchar(255) NOT NULL,
  `read_or_not` bit(1) NOT NULL,
  `reference_id` bigint NOT NULL,
  `member_id` bigint NOT NULL,
  PRIMARY KEY (`notification_id`),
  KEY `FKkyibpt8pebr6opuuxke0w5kuk` (`member_id`),
  CONSTRAINT `FKkyibpt8pebr6opuuxke0w5kuk` FOREIGN KEY (`member_id`) REFERENCES `member` (`member_id`)
) ENGINE=InnoDB AUTO_INCREMENT=221 DEFAULT CHARSET=utf8mb4 COLLATE=utf8mb4_0900_ai_ci;
/*!40101 SET character_set_client = @saved_cs_client */;

--
-- Dumping data for table `notifications`
--

LOCK TABLES `notifications` WRITE;
/*!40000 ALTER TABLE `notifications` DISABLE KEYS */;
INSERT INTO `notifications` VALUES (1,'2024-04-04 09:06:41.536232','2024-04-04 09:06:41.536232','94,800원 결제완료 | 새마을식당 역삼스타타워점',_binary '\0',1,3),(2,'2024-04-04 09:09:28.993361','2024-04-04 09:09:28.993361','14,400원 결제완료 | 싸피택시',_binary '\0',1,4),(3,'2024-04-04 09:21:59.642117','2024-04-04 09:21:59.642117','[맑은 고릴라 모임]의 결제에 참여해주세요!',_binary '\0',2,2),(4,'2024-04-04 09:22:26.869822','2024-04-04 09:22:26.869822','2,000원 결제완료 | 싸피당구장',_binary '\0',1,3),(5,'2024-04-04 09:22:26.873363','2024-04-04 09:22:26.873363','2,000원 결제완료 | 싸피당구장',_binary '\0',1,2),(6,'2024-04-04 09:38:14.279746','2024-04-04 09:38:14.279746','[목요일 모임]의 결제에 참여해주세요!',_binary '\0',2,4),(7,'2024-04-04 09:38:40.409039','2024-04-04 09:38:40.409039','[목요일 모임]의 결제에 참여해주세요!',_binary '\0',2,2),(8,'2024-04-04 09:39:09.247928','2024-04-04 09:39:09.247928','101,000원 결제완료 | 홍콩반점0410 강남역점',_binary '\0',1,4),(9,'2024-04-04 09:39:09.250765','2024-04-04 09:39:09.250765','0원 결제완료 | 홍콩반점0410 강남역점',_binary '\0',1,2),(10,'2024-04-04 09:39:09.254952','2024-04-04 09:39:09.254952','석주님이 홍콩반점0410 강남역점에서 50,500원을 대신 지불했습니다.',_binary '\0',3,2),(11,'2024-04-04 09:39:09.257488','2024-04-04 09:39:09.257488','홍콩반점0410 강남역점에서 김준수님 대신 50,500원을 지불했습니다.',_binary '\0',3,4),(12,'2024-04-04 09:39:22.534386','2024-04-04 09:39:22.534386','101,000원 결제완료 | 홍콩반점0410 강남역점',_binary '\0',1,4),(13,'2024-04-04 09:39:22.536946','2024-04-04 09:39:22.536946','0원 결제완료 | 홍콩반점0410 강남역점',_binary '\0',1,2),(14,'2024-04-04 09:39:22.540464','2024-04-04 09:39:22.540464','석주님이 홍콩반점0410 강남역점에서 50,500원을 대신 지불했습니다.',_binary '\0',3,2),(15,'2024-04-04 09:39:22.543017','2024-04-04 09:39:22.543017','홍콩반점0410 강남역점에서 김준수님 대신 50,500원을 지불했습니다.',_binary '\0',3,4),(16,'2024-04-04 09:40:16.773130','2024-04-04 09:40:16.773130','[목요일 모임]의 결제에 참여해주세요!',_binary '\0',2,2),(17,'2024-04-04 09:40:52.878578','2024-04-04 09:40:52.878578','56,000원 결제완료 | 농민백암순대',_binary '\0',1,4),(18,'2024-04-04 09:40:52.881562','2024-04-04 09:40:52.881562','56,000원 결제완료 | 농민백암순대',_binary '\0',1,2),(19,'2024-04-04 09:41:28.218215','2024-04-04 09:41:28.218215','[목요일 모임]의 결제에 참여해주세요!',_binary '\0',2,2),(20,'2024-04-04 09:42:08.647196','2024-04-04 09:42:08.647196','[목요일 모임]의 결제에 참여해주세요!',_binary '\0',2,2),(21,'2024-04-04 09:42:25.623168','2024-04-04 09:42:25.623168','[목요일 모임]의 결제에 참여해주세요!',_binary '\0',2,2),(22,'2024-04-04 09:42:32.005229','2024-04-04 09:42:32.005229','[목요일 모임]의 결제에 참여해주세요!',_binary '\0',2,2),(23,'2024-04-04 09:42:47.271476','2024-04-04 09:42:47.271476','[목요일 모임]의 결제에 참여해주세요!',_binary '\0',2,2),(24,'2024-04-04 09:42:57.193164','2024-04-04 09:42:57.193164','[목요일 모임]의 결제에 참여해주세요!',_binary '\0',2,2),(25,'2024-04-04 09:46:37.763499','2024-04-04 09:46:37.763499','[목요일 모임]의 결제에 참여해주세요!',_binary '\0',2,4),(26,'2024-04-04 09:46:37.768370','2024-04-04 09:46:37.768370','[목요일 모임]의 결제에 참여해주세요!',_binary '\0',2,7),(27,'2024-04-04 09:46:49.653825','2024-04-04 09:46:49.653825','[목요일 모임]의 결제에 참여해주세요!',_binary '\0',2,4),(28,'2024-04-04 09:46:49.658643','2024-04-04 09:46:49.658643','[목요일 모임]의 결제에 참여해주세요!',_binary '\0',2,7),(29,'2024-04-04 09:47:08.149454','2024-04-04 09:47:08.149454','[목요일 모임]의 결제에 참여해주세요!',_binary '\0',2,4),(30,'2024-04-04 09:47:08.155168','2024-04-04 09:47:08.155168','[목요일 모임]의 결제에 참여해주세요!',_binary '\0',2,7),(31,'2024-04-04 09:48:04.662418','2024-04-04 09:48:04.662418','[목요일 모임]의 결제에 참여해주세요!',_binary '\0',2,2),(32,'2024-04-04 09:48:04.677123','2024-04-04 09:48:04.677123','[목요일 모임]의 결제에 참여해주세요!',_binary '\0',2,4),(33,'2024-04-04 09:48:39.391756','2024-04-04 09:48:39.391756','[목요일 모임]의 결제에 참여해주세요!',_binary '\0',2,7),(34,'2024-04-04 09:49:32.971971','2024-04-04 09:49:32.971971','0원 결제완료 | 뽕족 강남 본점',_binary '\0',1,2),(35,'2024-04-04 09:49:32.981227','2024-04-04 09:49:32.981227','415,000원 결제완료 | 뽕족 강남 본점',_binary '\0',1,7),(36,'2024-04-04 09:49:32.993763','2024-04-04 09:49:32.993763','황재언님이 뽕족 강남 본점에서 207,500원을 대신 지불했습니다.',_binary '\0',3,2),(37,'2024-04-04 09:49:33.001712','2024-04-04 09:49:33.001712','뽕족 강남 본점에서 김준수님 대신 207,500원을 지불했습니다.',_binary '\0',3,7),(38,'2024-04-04 09:49:54.135629','2024-04-04 09:49:54.135629','[목요일 모임]의 결제에 참여해주세요!',_binary '\0',2,4),(39,'2024-04-04 09:49:54.142483','2024-04-04 09:49:54.142483','[목요일 모임]의 결제에 참여해주세요!',_binary '\0',2,7),(40,'2024-04-04 09:50:53.270583','2024-04-04 09:50:53.270583','1,333원 결제완료 | 수노래연습장 홍대 본점',_binary '\0',1,2),(41,'2024-04-04 09:50:53.275916','2024-04-04 09:50:53.275916','1,333원 결제완료 | 수노래연습장 홍대 본점',_binary '\0',1,4),(42,'2024-04-04 09:50:53.281944','2024-04-04 09:50:53.281944','1,333원 결제완료 | 수노래연습장 홍대 본점',_binary '\0',1,7),(43,'2024-04-04 09:51:54.953933','2024-04-04 09:51:54.953933','[목요일 모임]의 결제에 참여해주세요!',_binary '\0',2,2),(44,'2024-04-04 09:52:43.997498','2024-04-04 09:52:43.997498','0원 결제완료 | 홍콩반점0410 강남역점',_binary '\0',1,7),(45,'2024-04-04 09:52:44.004322','2024-04-04 09:52:44.004322','57,300원 결제완료 | 홍콩반점0410 강남역점',_binary '\0',1,2),(46,'2024-04-04 09:52:44.015287','2024-04-04 09:52:44.015287','김준수님이 홍콩반점0410 강남역점에서 28,650원을 대신 지불했습니다.',_binary '\0',3,7),(47,'2024-04-04 09:52:44.021811','2024-04-04 09:52:44.021811','홍콩반점0410 강남역점에서 황재언님 대신 28,650원을 지불했습니다.',_binary '\0',3,2),(48,'2024-04-04 09:53:05.433876','2024-04-04 09:53:05.433876','[목요일 모임]의 결제에 참여해주세요!',_binary '\0',2,2),(49,'2024-04-04 09:55:07.689780','2024-04-04 09:55:07.689780','[목요일 모임]의 결제에 참여해주세요!',_binary '\0',2,7),(50,'2024-04-04 09:55:23.318270','2024-04-04 09:55:23.318270','79,000원 결제완료 | 교촌치킨 강남역점',_binary '\0',1,2),(51,'2024-04-04 09:55:23.322519','2024-04-04 09:55:23.322519','79,000원 결제완료 | 교촌치킨 강남역점',_binary '\0',1,7),(52,'2024-04-04 09:55:35.530187','2024-04-04 09:55:35.530187','[목요일 모임]의 결제에 참여해주세요!',_binary '\0',2,7),(53,'2024-04-04 09:55:49.884386','2024-04-04 09:55:49.884386','38,500원 결제완료 | 새마을식당 역삼스타타워점',_binary '\0',1,2),(54,'2024-04-04 09:55:49.887926','2024-04-04 09:55:49.887926','38,500원 결제완료 | 새마을식당 역삼스타타워점',_binary '\0',1,7),(55,'2024-04-04 09:56:09.400158','2024-04-04 09:56:09.400158','[목요일 모임]의 결제에 참여해주세요!',_binary '\0',2,7),(56,'2024-04-04 09:56:25.471342','2024-04-04 09:56:25.471342','35,750원 결제완료 | 홍콩반점0410 강남역점',_binary '\0',1,2),(57,'2024-04-04 09:56:25.474966','2024-04-04 09:56:25.474966','35,750원 결제완료 | 홍콩반점0410 강남역점',_binary '\0',1,7),(58,'2024-04-04 09:56:47.807669','2024-04-04 09:56:47.807669','28,650원 입금 | 황재언님이 홍콩반점0410 강남역점의 [대신내주기]를 정산하였습니다.',_binary '\0',4,2),(59,'2024-04-04 09:56:47.811390','2024-04-04 09:56:47.811390','28,650원 출금 | 김준수님에게홍콩반점0410 강남역점의 [대신내주기]를 정산하였습니다.',_binary '\0',4,7),(60,'2024-04-04 09:57:04.354948','2024-04-04 09:57:04.354948','[목요일 모임]의 결제에 참여해주세요!',_binary '\0',2,2),(61,'2024-04-04 09:57:56.509003','2024-04-04 09:57:56.509003','542,500원 결제완료 | 인터파크티켓',_binary '\0',1,7),(62,'2024-04-04 09:57:56.512370','2024-04-04 09:57:56.512370','542,500원 결제완료 | 인터파크티켓',_binary '\0',1,2),(63,'2024-04-04 09:59:00.446181','2024-04-04 09:59:00.446181','[목요일 모임]의 결제에 참여해주세요!',_binary '\0',2,2),(64,'2024-04-04 09:59:00.452241','2024-04-04 09:59:00.452241','[목요일 모임]의 결제에 참여해주세요!',_binary '\0',2,4),(65,'2024-04-04 09:59:53.416857','2024-04-04 09:59:53.416857','117,333원 결제완료 | 뽕족 강남 본점',_binary '\0',1,7),(66,'2024-04-04 09:59:53.420224','2024-04-04 09:59:53.420224','117,333원 결제완료 | 뽕족 강남 본점',_binary '\0',1,2),(67,'2024-04-04 09:59:53.423374','2024-04-04 09:59:53.423374','117,333원 결제완료 | 뽕족 강남 본점',_binary '\0',1,4),(68,'2024-04-04 10:00:09.216322','2024-04-04 10:00:09.216322','117,333원 결제완료 | 뽕족 강남 본점',_binary '\0',1,7),(69,'2024-04-04 10:00:09.222005','2024-04-04 10:00:09.222005','117,333원 결제완료 | 뽕족 강남 본점',_binary '\0',1,2),(70,'2024-04-04 10:00:09.225247','2024-04-04 10:00:09.225247','117,333원 결제완료 | 뽕족 강남 본점',_binary '\0',1,4),(71,'2024-04-04 10:00:13.363914','2024-04-04 10:00:13.363914','[목요일 모임]의 결제에 참여해주세요!',_binary '\0',2,4),(72,'2024-04-04 10:00:13.369323','2024-04-04 10:00:13.369323','[목요일 모임]의 결제에 참여해주세요!',_binary '\0',2,7),(73,'2024-04-04 10:01:03.284791','2024-04-04 10:01:03.284791','[목요일 모임]의 결제에 참여해주세요!',_binary '\0',2,7),(74,'2024-04-04 10:01:25.045390','2024-04-04 10:01:25.045390','377,500원 결제완료 | 인터파크티켓',_binary '\0',1,2),(75,'2024-04-04 10:01:25.048441','2024-04-04 10:01:25.048441','377,500원 결제완료 | 인터파크티켓',_binary '\0',1,7),(76,'2024-04-04 10:04:32.758987','2024-04-04 10:04:32.758987','[목요일 모임]의 결제에 참여해주세요!',_binary '\0',2,2),(77,'2024-04-04 10:04:50.093722','2024-04-04 10:04:50.093722','49,500원 결제완료 | 맥도날드 선릉점',_binary '\0',1,7),(78,'2024-04-04 10:04:50.097060','2024-04-04 10:04:50.097060','49,500원 결제완료 | 맥도날드 선릉점',_binary '\0',1,2),(79,'2024-04-04 10:05:06.295250','2024-04-04 10:05:06.295250','[목요일 모임]의 결제에 참여해주세요!',_binary '\0',2,7),(80,'2024-04-04 10:05:39.693302','2024-04-04 10:05:39.693302','25,000원 결제완료 | 농민백암순대',_binary '\0',1,2),(81,'2024-04-04 10:05:39.696696','2024-04-04 10:05:39.696696','25,000원 결제완료 | 농민백암순대',_binary '\0',1,7),(82,'2024-04-04 10:05:56.169395','2024-04-04 10:05:56.169395','[목요일 모임]의 결제에 참여해주세요!',_binary '\0',2,7),(83,'2024-04-04 10:06:10.562532','2024-04-04 10:06:10.562532','3,000원 결제완료 | 수노래연습장 홍대 본점',_binary '\0',1,2),(84,'2024-04-04 10:06:10.565623','2024-04-04 10:06:10.565623','3,000원 결제완료 | 수노래연습장 홍대 본점',_binary '\0',1,7),(85,'2024-04-04 10:06:23.726245','2024-04-04 10:06:23.726245','[목요일 모임]의 결제에 참여해주세요!',_binary '\0',2,7),(86,'2024-04-04 10:06:48.480903','2024-04-04 10:06:48.480903','0원 결제완료 | 스타벅스 역삼대로점',_binary '\0',1,2),(87,'2024-04-04 10:06:48.484087','2024-04-04 10:06:48.484087','39,900원 결제완료 | 스타벅스 역삼대로점',_binary '\0',1,7),(88,'2024-04-04 10:06:48.488603','2024-04-04 10:06:48.488603','황재언님이 스타벅스 역삼대로점에서 19,950원을 대신 지불했습니다.',_binary '\0',3,2),(89,'2024-04-04 10:06:48.491567','2024-04-04 10:06:48.491567','스타벅스 역삼대로점에서 김준수님 대신 19,950원을 지불했습니다.',_binary '\0',3,7),(90,'2024-04-04 10:07:24.359800','2024-04-04 10:07:24.359800','[목요일 모임]의 결제에 참여해주세요!',_binary '\0',2,7),(91,'2024-04-04 10:07:43.476883','2024-04-04 10:07:43.476883','59,350원 결제완료 | 홍콩반점0410 강남역점',_binary '\0',1,2),(92,'2024-04-04 10:07:43.480164','2024-04-04 10:07:43.480164','59,350원 결제완료 | 홍콩반점0410 강남역점',_binary '\0',1,7),(93,'2024-04-04 10:08:01.650667','2024-04-04 10:08:01.650667','[목요일 모임]의 결제에 참여해주세요!',_binary '\0',2,2),(94,'2024-04-04 10:08:56.986702','2024-04-04 10:08:56.986702','[목요일 모임]의 결제에 참여해주세요!',_binary '\0',2,7),(95,'2024-04-04 10:09:10.135713','2024-04-04 10:09:10.135713','3,000원 결제완료 | 싸피당구장',_binary '\0',1,2),(96,'2024-04-04 10:09:10.138536','2024-04-04 10:09:10.138536','3,000원 결제완료 | 싸피당구장',_binary '\0',1,7),(97,'2024-04-04 10:09:19.372931','2024-04-04 10:09:19.372931','[목요일 모임]의 결제에 참여해주세요!',_binary '\0',2,7),(98,'2024-04-04 10:10:20.500133','2024-04-04 10:10:20.500133','95,700원 결제완료 | 맥도날드 선릉점',_binary '\0',1,2),(99,'2024-04-04 10:10:20.502855','2024-04-04 10:10:20.502855','0원 결제완료 | 맥도날드 선릉점',_binary '\0',1,7),(100,'2024-04-04 10:10:20.508094','2024-04-04 10:10:20.508094','김준수님이 맥도날드 선릉점에서 47,850원을 대신 지불했습니다.',_binary '\0',3,7),(101,'2024-04-04 10:10:20.510669','2024-04-04 10:10:20.510669','맥도날드 선릉점에서 황재언님 대신 47,850원을 지불했습니다.',_binary '\0',3,2),(102,'2024-04-04 10:10:37.046034','2024-04-04 10:10:37.046034','19,950원 입금 | 김준수님이 스타벅스 역삼대로점의 [대신내주기]를 정산하였습니다.',_binary '\0',4,7),(103,'2024-04-04 10:10:37.049020','2024-04-04 10:10:37.049020','19,950원 출금 | 황재언님에게스타벅스 역삼대로점의 [대신내주기]를 정산하였습니다.',_binary '\0',4,2),(104,'2024-04-04 10:10:41.526839','2024-04-04 10:10:41.526839','207,500원 입금 | 김준수님이 뽕족 강남 본점의 [대신내주기]를 정산하였습니다.',_binary '\0',4,7),(105,'2024-04-04 10:10:41.529963','2024-04-04 10:10:41.529963','207,500원 출금 | 황재언님에게뽕족 강남 본점의 [대신내주기]를 정산하였습니다.',_binary '\0',4,2),(106,'2024-04-04 10:10:44.320217','2024-04-04 10:10:44.320217','50,500원 입금 | 김준수님이 홍콩반점0410 강남역점의 [대신내주기]를 정산하였습니다.',_binary '\0',4,4),(107,'2024-04-04 10:10:44.322997','2024-04-04 10:10:44.322997','50,500원 출금 | 석주님에게홍콩반점0410 강남역점의 [대신내주기]를 정산하였습니다.',_binary '\0',4,2),(108,'2024-04-04 10:11:10.612425','2024-04-04 10:11:10.612425','[목요일 모임]의 결제에 참여해주세요!',_binary '\0',2,7),(109,'2024-04-04 10:11:23.573600','2024-04-04 10:11:23.573600','27,750원 결제완료 | 맥도날드 선릉점',_binary '\0',1,2),(110,'2024-04-04 10:11:23.576349','2024-04-04 10:11:23.576349','27,750원 결제완료 | 맥도날드 선릉점',_binary '\0',1,7),(111,'2024-04-04 10:14:04.924752','2024-04-04 10:14:04.924752','[목요일 모임]의 결제에 참여해주세요!',_binary '\0',2,7),(112,'2024-04-04 10:14:24.716453','2024-04-04 10:14:24.716453','19,600원 결제완료 | 바나프레소 테헤란로점',_binary '\0',1,2),(113,'2024-04-04 10:14:24.719819','2024-04-04 10:14:24.719819','19,600원 결제완료 | 바나프레소 테헤란로점',_binary '\0',1,7),(114,'2024-04-04 10:15:03.762344','2024-04-04 10:15:03.762344','[목요일 모임]의 결제에 참여해주세요!',_binary '\0',2,4),(115,'2024-04-04 10:15:03.767480','2024-04-04 10:15:03.767480','[목요일 모임]의 결제에 참여해주세요!',_binary '\0',2,7),(116,'2024-04-04 10:15:28.805412','2024-04-04 10:15:28.805412','27,666원 결제완료 | 농민백암순대',_binary '\0',1,2),(117,'2024-04-04 10:15:28.809093','2024-04-04 10:15:28.809093','27,666원 결제완료 | 농민백암순대',_binary '\0',1,4),(118,'2024-04-04 10:15:28.812020','2024-04-04 10:15:28.812020','27,666원 결제완료 | 농민백암순대',_binary '\0',1,7),(119,'2024-04-04 10:26:03.045391','2024-04-04 10:26:03.045391','47,850원 입금 | 황재언님이 맥도날드 선릉점의 [대신내주기]를 정산하였습니다.',_binary '\0',4,2),(120,'2024-04-04 10:26:03.048476','2024-04-04 10:26:03.048476','47,850원 출금 | 김준수님에게맥도날드 선릉점의 [대신내주기]를 정산하였습니다.',_binary '\0',4,7),(121,'2024-04-04 10:41:23.115694','2024-04-04 10:41:23.115694','[목요일 모임]의 결제에 참여해주세요!',_binary '\0',2,2),(122,'2024-04-04 10:41:23.120312','2024-04-04 10:41:23.120312','[목요일 모임]의 결제에 참여해주세요!',_binary '\0',2,4),(123,'2024-04-04 10:41:23.124860','2024-04-04 10:41:23.124860','[목요일 모임]의 결제에 참여해주세요!',_binary '\0',2,7),(124,'2024-04-04 10:41:57.457570','2024-04-04 10:41:57.457570','0원 결제완료 | 싸피당구장',_binary '\0',1,10),(125,'2024-04-04 10:41:57.460345','2024-04-04 10:41:57.460345','1,500원 결제완료 | 싸피당구장',_binary '\0',1,2),(126,'2024-04-04 10:41:57.463197','2024-04-04 10:41:57.463197','1,500원 결제완료 | 싸피당구장',_binary '\0',1,4),(127,'2024-04-04 10:41:57.465930','2024-04-04 10:41:57.465930','3,000원 결제완료 | 싸피당구장',_binary '\0',1,7),(128,'2024-04-04 10:41:57.476228','2024-04-04 10:41:57.476228','황재언님이 싸피당구장에서 1,500원을 대신 지불했습니다.',_binary '\0',3,10),(129,'2024-04-04 10:41:57.483040','2024-04-04 10:41:57.483040','싸피당구장에서 함승찬님 대신 1,500원을 지불했습니다.',_binary '\0',3,7),(130,'2024-04-04 10:43:14.172876','2024-04-04 10:43:14.172876','1,500원 입금 | 함승찬님이 싸피당구장의 [대신내주기]를 정산하였습니다.',_binary '\0',4,7),(131,'2024-04-04 10:43:14.179486','2024-04-04 10:43:14.179486','1,500원 출금 | 황재언님에게싸피당구장의 [대신내주기]를 정산하였습니다.',_binary '\0',4,10),(132,'2024-04-04 11:13:34.103720','2024-04-04 11:13:34.103720','[다들고생했어요]의 결제에 참여해주세요!',_binary '\0',2,9),(133,'2024-04-04 11:13:34.119724','2024-04-04 11:13:34.119724','[다들고생했어요]의 결제에 참여해주세요!',_binary '\0',2,2),(134,'2024-04-04 11:13:52.533159','2024-04-04 11:13:52.533159','[다들고생했어요]의 결제에 참여해주세요!',_binary '\0',2,9),(135,'2024-04-04 11:13:52.544863','2024-04-04 11:13:52.544863','[다들고생했어요]의 결제에 참여해주세요!',_binary '\0',2,2),(136,'2024-04-04 11:13:52.552280','2024-04-04 11:13:52.552280','[다들고생했어요]의 결제에 참여해주세요!',_binary '\0',2,7),(137,'2024-04-04 11:15:14.809784','2024-04-04 11:15:14.809784','0원 결제완료 | 싸피택시',_binary '\0',1,10),(138,'2024-04-04 11:15:14.817468','2024-04-04 11:15:14.817468','3,600원 결제완료 | 싸피택시',_binary '\0',1,9),(139,'2024-04-04 11:15:14.826771','2024-04-04 11:15:14.826771','7,200원 결제완료 | 싸피택시',_binary '\0',1,2),(140,'2024-04-04 11:15:14.833653','2024-04-04 11:15:14.833653','3,600원 결제완료 | 싸피택시',_binary '\0',1,7),(141,'2024-04-04 11:15:14.845901','2024-04-04 11:15:14.845901','김준수님이 싸피택시에서 3,600원을 대신 지불했습니다.',_binary '\0',3,10),(142,'2024-04-04 11:15:14.853377','2024-04-04 11:15:14.853377','싸피택시에서 함승찬님 대신 3,600원을 지불했습니다.',_binary '\0',3,2),(143,'2024-04-04 11:15:30.397574','2024-04-04 11:15:30.397574','[다들고생했어요]의 결제에 참여해주세요!',_binary '\0',2,9),(144,'2024-04-04 11:15:30.412935','2024-04-04 11:15:30.412935','[다들고생했어요]의 결제에 참여해주세요!',_binary '\0',2,2),(145,'2024-04-04 11:15:30.420181','2024-04-04 11:15:30.420181','[다들고생했어요]의 결제에 참여해주세요!',_binary '\0',2,7),(146,'2024-04-04 11:15:30.431928','2024-04-04 11:15:30.431928','[다들고생했어요]의 결제에 참여해주세요!',_binary '\0',2,1),(147,'2024-04-04 11:15:30.439636','2024-04-04 11:15:30.439636','[다들고생했어요]의 결제에 참여해주세요!',_binary '\0',2,4),(148,'2024-04-04 11:17:11.523115','2024-04-04 11:17:11.523115','333원 결제완료 | 싸피당구장',_binary '\0',1,10),(149,'2024-04-04 11:17:11.526324','2024-04-04 11:17:11.526324','0원 결제완료 | 싸피당구장',_binary '\0',1,9),(150,'2024-04-04 11:17:11.529317','2024-04-04 11:17:11.529317','333원 결제완료 | 싸피당구장',_binary '\0',1,2),(151,'2024-04-04 11:17:11.532784','2024-04-04 11:17:11.532784','666원 결제완료 | 싸피당구장',_binary '\0',1,7),(152,'2024-04-04 11:17:11.535819','2024-04-04 11:17:11.535819','333원 결제완료 | 싸피당구장',_binary '\0',1,1),(153,'2024-04-04 11:17:11.543960','2024-04-04 11:17:11.543960','333원 결제완료 | 싸피당구장',_binary '\0',1,4),(154,'2024-04-04 11:17:11.551488','2024-04-04 11:17:11.551488','황재언님이 싸피당구장에서 333원을 대신 지불했습니다.',_binary '\0',3,9),(155,'2024-04-04 11:17:11.555413','2024-04-04 11:17:11.555413','싸피당구장에서 이성목님 대신 333원을 지불했습니다.',_binary '\0',3,7),(156,'2024-04-04 11:17:22.740574','2024-04-04 11:17:22.740574','[다들고생했어요]의 결제에 참여해주세요!',_binary '\0',2,9),(157,'2024-04-04 11:17:22.746042','2024-04-04 11:17:22.746042','[다들고생했어요]의 결제에 참여해주세요!',_binary '\0',2,2),(158,'2024-04-04 11:17:22.751934','2024-04-04 11:17:22.751934','[다들고생했어요]의 결제에 참여해주세요!',_binary '\0',2,7),(159,'2024-04-04 11:17:22.757908','2024-04-04 11:17:22.757908','[다들고생했어요]의 결제에 참여해주세요!',_binary '\0',2,1),(160,'2024-04-04 11:17:22.763799','2024-04-04 11:17:22.763799','[다들고생했어요]의 결제에 참여해주세요!',_binary '\0',2,4),(161,'2024-04-04 11:18:45.128657','2024-04-04 11:18:45.128657','0원 결제완료 | 수노래연습장 홍대 본점',_binary '\0',1,10),(162,'2024-04-04 11:18:45.136876','2024-04-04 11:18:45.136876','2,000원 결제완료 | 수노래연습장 홍대 본점',_binary '\0',1,9),(163,'2024-04-04 11:18:45.140005','2024-04-04 11:18:45.140005','1,000원 결제완료 | 수노래연습장 홍대 본점',_binary '\0',1,2),(164,'2024-04-04 11:18:45.143449','2024-04-04 11:18:45.143449','1,000원 결제완료 | 수노래연습장 홍대 본점',_binary '\0',1,7),(165,'2024-04-04 11:18:45.146397','2024-04-04 11:18:45.146397','0원 결제완료 | 수노래연습장 홍대 본점',_binary '\0',1,1),(166,'2024-04-04 11:18:45.151010','2024-04-04 11:18:45.151010','2,000원 결제완료 | 수노래연습장 홍대 본점',_binary '\0',1,4),(167,'2024-04-04 11:18:45.163942','2024-04-04 11:18:45.163942','석주님이 수노래연습장 홍대 본점에서 1,000원을 대신 지불했습니다.',_binary '\0',3,10),(168,'2024-04-04 11:18:45.169184','2024-04-04 11:18:45.169184','수노래연습장 홍대 본점에서 함승찬님 대신 1,000원을 지불했습니다.',_binary '\0',3,4),(169,'2024-04-04 11:18:45.178640','2024-04-04 11:18:45.178640','이성목님이 수노래연습장 홍대 본점에서 1,000원을 대신 지불했습니다.',_binary '\0',3,1),(170,'2024-04-04 11:18:45.183583','2024-04-04 11:18:45.183583','수노래연습장 홍대 본점에서 류지수님 대신 1,000원을 지불했습니다.',_binary '\0',3,9),(171,'2024-04-04 11:18:49.952111','2024-04-04 11:18:49.952111','0원 결제완료 | 수노래연습장 홍대 본점',_binary '\0',1,10),(172,'2024-04-04 11:18:49.960300','2024-04-04 11:18:49.960300','2,000원 결제완료 | 수노래연습장 홍대 본점',_binary '\0',1,9),(173,'2024-04-04 11:18:49.967729','2024-04-04 11:18:49.967729','1,000원 결제완료 | 수노래연습장 홍대 본점',_binary '\0',1,2),(174,'2024-04-04 11:18:49.970530','2024-04-04 11:18:49.970530','1,000원 결제완료 | 수노래연습장 홍대 본점',_binary '\0',1,7),(175,'2024-04-04 11:18:49.973226','2024-04-04 11:18:49.973226','0원 결제완료 | 수노래연습장 홍대 본점',_binary '\0',1,1),(176,'2024-04-04 11:18:49.977104','2024-04-04 11:18:49.977104','2,000원 결제완료 | 수노래연습장 홍대 본점',_binary '\0',1,4),(177,'2024-04-04 11:18:49.981750','2024-04-04 11:18:49.981750','석주님이 수노래연습장 홍대 본점에서 1,000원을 대신 지불했습니다.',_binary '\0',3,10),(178,'2024-04-04 11:18:49.984569','2024-04-04 11:18:49.984569','수노래연습장 홍대 본점에서 함승찬님 대신 1,000원을 지불했습니다.',_binary '\0',3,4),(179,'2024-04-04 11:18:49.987393','2024-04-04 11:18:49.987393','이성목님이 수노래연습장 홍대 본점에서 1,000원을 대신 지불했습니다.',_binary '\0',3,1),(180,'2024-04-04 11:18:49.990257','2024-04-04 11:18:49.990257','수노래연습장 홍대 본점에서 류지수님 대신 1,000원을 지불했습니다.',_binary '\0',3,9),(181,'2024-04-04 11:18:52.049981','2024-04-04 11:18:52.049981','0원 결제완료 | 수노래연습장 홍대 본점',_binary '\0',1,10),(182,'2024-04-04 11:18:52.053390','2024-04-04 11:18:52.053390','2,000원 결제완료 | 수노래연습장 홍대 본점',_binary '\0',1,9),(183,'2024-04-04 11:18:52.056393','2024-04-04 11:18:52.056393','1,000원 결제완료 | 수노래연습장 홍대 본점',_binary '\0',1,2),(184,'2024-04-04 11:18:52.059851','2024-04-04 11:18:52.059851','1,000원 결제완료 | 수노래연습장 홍대 본점',_binary '\0',1,7),(185,'2024-04-04 11:18:52.063103','2024-04-04 11:18:52.063103','0원 결제완료 | 수노래연습장 홍대 본점',_binary '\0',1,1),(186,'2024-04-04 11:18:52.066213','2024-04-04 11:18:52.066213','2,000원 결제완료 | 수노래연습장 홍대 본점',_binary '\0',1,4),(187,'2024-04-04 11:18:52.071472','2024-04-04 11:18:52.071472','석주님이 수노래연습장 홍대 본점에서 1,000원을 대신 지불했습니다.',_binary '\0',3,10),(188,'2024-04-04 11:18:52.074679','2024-04-04 11:18:52.074679','수노래연습장 홍대 본점에서 함승찬님 대신 1,000원을 지불했습니다.',_binary '\0',3,4),(189,'2024-04-04 11:18:52.078348','2024-04-04 11:18:52.078348','이성목님이 수노래연습장 홍대 본점에서 1,000원을 대신 지불했습니다.',_binary '\0',3,1),(190,'2024-04-04 11:18:52.084715','2024-04-04 11:18:52.084715','수노래연습장 홍대 본점에서 류지수님 대신 1,000원을 지불했습니다.',_binary '\0',3,9),(191,'2024-04-04 11:19:10.903668','2024-04-04 11:19:10.903668','[다들고생했어요]의 결제에 참여해주세요!',_binary '\0',2,9),(192,'2024-04-04 11:19:10.909210','2024-04-04 11:19:10.909210','[다들고생했어요]의 결제에 참여해주세요!',_binary '\0',2,2),(193,'2024-04-04 11:19:10.914309','2024-04-04 11:19:10.914309','[다들고생했어요]의 결제에 참여해주세요!',_binary '\0',2,7),(194,'2024-04-04 11:19:10.919478','2024-04-04 11:19:10.919478','[다들고생했어요]의 결제에 참여해주세요!',_binary '\0',2,1),(195,'2024-04-04 11:19:10.925511','2024-04-04 11:19:10.925511','[다들고생했어요]의 결제에 참여해주세요!',_binary '\0',2,4),(196,'2024-04-04 11:19:19.848233','2024-04-04 11:19:19.848233','[다들고생했어요]의 결제에 참여해주세요!',_binary '\0',2,9),(197,'2024-04-04 11:19:19.854367','2024-04-04 11:19:19.854367','[다들고생했어요]의 결제에 참여해주세요!',_binary '\0',2,2),(198,'2024-04-04 11:19:19.860526','2024-04-04 11:19:19.860526','[다들고생했어요]의 결제에 참여해주세요!',_binary '\0',2,7),(199,'2024-04-04 11:19:19.866350','2024-04-04 11:19:19.866350','[다들고생했어요]의 결제에 참여해주세요!',_binary '\0',2,1),(200,'2024-04-04 11:19:19.872222','2024-04-04 11:19:19.872222','[다들고생했어요]의 결제에 참여해주세요!',_binary '\0',2,4),(201,'2024-04-04 11:21:47.343101','2024-04-04 11:21:47.343101','[다들고생했어요]의 결제에 참여해주세요!',_binary '\0',2,9),(202,'2024-04-04 11:21:47.348865','2024-04-04 11:21:47.348865','[다들고생했어요]의 결제에 참여해주세요!',_binary '\0',2,2),(203,'2024-04-04 11:21:47.354119','2024-04-04 11:21:47.354119','[다들고생했어요]의 결제에 참여해주세요!',_binary '\0',2,7),(204,'2024-04-04 11:21:47.359101','2024-04-04 11:21:47.359101','[다들고생했어요]의 결제에 참여해주세요!',_binary '\0',2,1),(205,'2024-04-04 11:21:47.364120','2024-04-04 11:21:47.364120','[다들고생했어요]의 결제에 참여해주세요!',_binary '\0',2,4),(206,'2024-04-04 11:22:33.597878','2024-04-04 11:22:33.597878','18,333원 결제완료 | 농민백암순대',_binary '\0',1,10),(207,'2024-04-04 11:22:33.601694','2024-04-04 11:22:33.601694','18,333원 결제완료 | 농민백암순대',_binary '\0',1,9),(208,'2024-04-04 11:22:33.604159','2024-04-04 11:22:33.604159','18,333원 결제완료 | 농민백암순대',_binary '\0',1,2),(209,'2024-04-04 11:22:33.611103','2024-04-04 11:22:33.611103','36,666원 결제완료 | 농민백암순대',_binary '\0',1,7),(210,'2024-04-04 11:22:33.614822','2024-04-04 11:22:33.614822','0원 결제완료 | 농민백암순대',_binary '\0',1,1),(211,'2024-04-04 11:22:33.618319','2024-04-04 11:22:33.618319','18,333원 결제완료 | 농민백암순대',_binary '\0',1,4),(212,'2024-04-04 11:22:33.624134','2024-04-04 11:22:33.624134','황재언님이 농민백암순대에서 18,333원을 대신 지불했습니다.',_binary '\0',3,1),(213,'2024-04-04 11:22:33.627345','2024-04-04 11:22:33.627345','농민백암순대에서 류지수님 대신 18,333원을 지불했습니다.',_binary '\0',3,7),(214,'2024-04-04 11:22:52.371068','2024-04-04 11:22:52.371068','333원 입금 | 이성목님이 싸피당구장의 [대신내주기]를 정산하였습니다.',_binary '\0',4,7),(215,'2024-04-04 11:22:52.376593','2024-04-04 11:22:52.376593','333원 출금 | 황재언님에게싸피당구장의 [대신내주기]를 정산하였습니다.',_binary '\0',4,9),(216,'2024-04-04 11:25:12.158635','2024-04-04 11:25:12.158635','[목요일 모임]의 결제에 참여해주세요!',_binary '\0',2,2),(217,'2024-04-04 11:25:12.163636','2024-04-04 11:25:12.163636','[목요일 모임]의 결제에 참여해주세요!',_binary '\0',2,7),(218,'2024-04-04 11:25:12.168561','2024-04-04 11:25:12.168561','[목요일 모임]의 결제에 참여해주세요!',_binary '\0',2,10),(219,'2024-04-04 11:25:56.622933','2024-04-04 11:25:56.622933','18,333원 입금 | 류지수님이 농민백암순대의 [대신내주기]를 정산하였습니다.',_binary '\0',4,7),(220,'2024-04-04 11:25:56.626103','2024-04-04 11:25:56.626103','18,333원 출금 | 황재언님에게농민백암순대의 [대신내주기]를 정산하였습니다.',_binary '\0',4,1);
/*!40000 ALTER TABLE `notifications` ENABLE KEYS */;
UNLOCK TABLES;

--
-- Table structure for table `order`
--

DROP TABLE IF EXISTS `order`;
/*!40101 SET @saved_cs_client     = @@character_set_client */;
/*!50503 SET character_set_client = utf8mb4 */;
CREATE TABLE `order` (
  `order_id` bigint NOT NULL AUTO_INCREMENT,
  `created_at` datetime(6) DEFAULT NULL,
  `updated_at` datetime(6) DEFAULT NULL,
  `payment_status` enum('PAID','UNPAID','CANCELLED') DEFAULT NULL,
  `total_amount` bigint DEFAULT NULL,
  `pay_id` bigint NOT NULL,
  `store_id` bigint NOT NULL,
  PRIMARY KEY (`order_id`),
  UNIQUE KEY `UK_5oonj7ovmilhy7to8gb24vtfl` (`pay_id`),
  KEY `FK90lxxrxlt4chf273vcm9pi8ak` (`store_id`),
  CONSTRAINT `FK90di1vsiwejkup382u7675ycq` FOREIGN KEY (`pay_id`) REFERENCES `pay` (`pay_id`),
  CONSTRAINT `FK90lxxrxlt4chf273vcm9pi8ak` FOREIGN KEY (`store_id`) REFERENCES `store` (`store_id`)
) ENGINE=InnoDB AUTO_INCREMENT=34 DEFAULT CHARSET=utf8mb4 COLLATE=utf8mb4_0900_ai_ci;
/*!40101 SET character_set_client = @saved_cs_client */;

--
-- Dumping data for table `order`
--

LOCK TABLES `order` WRITE;
/*!40000 ALTER TABLE `order` DISABLE KEYS */;
INSERT INTO `order` VALUES (1,'2024-04-04 09:06:37.420675','2024-04-04 09:06:41.540504','PAID',94800,1,6),(2,'2024-04-04 09:09:11.217505','2024-04-04 09:09:28.996972','PAID',14400,2,13),(4,'2024-04-04 09:22:22.326702','2024-04-04 09:22:26.876787','PAID',4000,3,12),(5,'2024-04-04 09:39:03.785259','2024-04-04 09:39:09.264668','PAID',101000,5,8),(7,'2024-04-04 09:40:48.285615','2024-04-04 09:40:52.884691','PAID',112000,6,4),(8,'2024-04-04 09:49:25.524745','2024-04-04 09:49:33.007713','PAID',415000,18,1),(10,'2024-04-04 09:50:43.271019','2024-04-04 09:50:53.286735','PAID',4000,19,10),(11,'2024-04-04 09:52:39.686843','2024-04-04 09:52:44.024581','PAID',57300,20,8),(12,'2024-04-04 09:55:20.418657','2024-04-04 09:55:23.326563','PAID',158000,22,5),(13,'2024-04-04 09:55:47.198122','2024-04-04 09:55:49.891681','PAID',77000,23,6),(14,'2024-04-04 09:56:22.541868','2024-04-04 09:56:25.478284','PAID',71500,24,8),(15,'2024-04-04 09:57:53.931533','2024-04-04 09:57:56.515781','PAID',1085000,25,11),(17,'2024-04-04 09:59:46.091359','2024-04-04 09:59:53.426651','PAID',352000,26,1),(18,'2024-04-04 10:01:19.177320','2024-04-04 10:01:25.051902','PAID',755000,28,11),(19,'2024-04-04 10:04:46.938107','2024-04-04 10:04:50.100548','PAID',99000,29,7),(20,'2024-04-04 10:05:37.159290','2024-04-04 10:05:39.700615','PAID',50000,30,4),(21,'2024-04-04 10:06:07.139388','2024-04-04 10:06:10.568804','PAID',6000,31,10),(22,'2024-04-04 10:06:44.957515','2024-04-04 10:06:48.493280','PAID',39900,32,2),(23,'2024-04-04 10:07:40.673215','2024-04-04 10:07:43.483289','PAID',118700,33,8),(24,'2024-04-04 10:09:07.463257','2024-04-04 10:09:10.152430','PAID',6000,35,12),(25,'2024-04-04 10:10:17.798544','2024-04-04 10:10:20.512082','PAID',95700,36,7),(26,'2024-04-04 10:11:21.505057','2024-04-04 10:11:23.579319','PAID',55500,37,7),(27,'2024-04-04 10:14:19.539052','2024-04-04 10:14:24.723612','PAID',39200,38,3),(28,'2024-04-04 10:15:24.738467','2024-04-04 10:15:28.815259','PAID',83000,39,4),(29,'2024-04-04 10:41:50.903608','2024-04-04 10:41:57.484729','PAID',6000,40,12),(30,'2024-04-04 11:15:12.644448','2024-04-04 11:15:14.861837','PAID',14400,42,13),(31,'2024-04-04 11:17:09.196540','2024-04-04 11:17:11.557256','PAID',2000,43,12),(32,'2024-04-04 11:18:28.096196','2024-04-04 11:18:45.187005','PAID',6000,44,10),(33,'2024-04-04 11:22:31.390545','2024-04-04 11:22:33.629422','PAID',110000,47,4);
/*!40000 ALTER TABLE `order` ENABLE KEYS */;
UNLOCK TABLES;

--
-- Table structure for table `order_menu`
--

DROP TABLE IF EXISTS `order_menu`;
/*!40101 SET @saved_cs_client     = @@character_set_client */;
/*!50503 SET character_set_client = utf8mb4 */;
CREATE TABLE `order_menu` (
  `order_menu_id` bigint NOT NULL AUTO_INCREMENT,
  `created_at` datetime(6) DEFAULT NULL,
  `updated_at` datetime(6) DEFAULT NULL,
  `quantity` int NOT NULL,
  `menu_id` bigint NOT NULL,
  `order_id` bigint NOT NULL,
  PRIMARY KEY (`order_menu_id`),
  KEY `FK4oumkm265ypdtcndhueq1cv26` (`menu_id`),
  KEY `FKai1c5u7qdowrheefyt6qwykre` (`order_id`),
  CONSTRAINT `FK4oumkm265ypdtcndhueq1cv26` FOREIGN KEY (`menu_id`) REFERENCES `menu` (`menu_id`),
  CONSTRAINT `FKai1c5u7qdowrheefyt6qwykre` FOREIGN KEY (`order_id`) REFERENCES `order` (`order_id`)
) ENGINE=InnoDB AUTO_INCREMENT=100 DEFAULT CHARSET=utf8mb4 COLLATE=utf8mb4_0900_ai_ci;
/*!40101 SET character_set_client = @saved_cs_client */;

--
-- Dumping data for table `order_menu`
--

LOCK TABLES `order_menu` WRITE;
/*!40000 ALTER TABLE `order_menu` DISABLE KEYS */;
INSERT INTO `order_menu` VALUES (1,'2024-04-04 09:06:37.429873','2024-04-04 09:06:37.429873',3,82,1),(2,'2024-04-04 09:06:37.436327','2024-04-04 09:06:37.436327',2,81,1),(3,'2024-04-04 09:06:37.439592','2024-04-04 09:06:37.439592',3,75,1),(4,'2024-04-04 09:06:37.445406','2024-04-04 09:06:37.445406',2,76,1),(5,'2024-04-04 09:09:11.222101','2024-04-04 09:09:11.222101',3,29,2),(6,'2024-04-04 09:22:22.331071','2024-04-04 09:22:22.331071',2,30,4),(7,'2024-04-04 09:39:03.789866','2024-04-04 09:39:03.789866',3,94,5),(8,'2024-04-04 09:39:03.792448','2024-04-04 09:39:03.792448',2,93,5),(9,'2024-04-04 09:39:03.795153','2024-04-04 09:39:03.795153',3,99,5),(10,'2024-04-04 09:39:03.797847','2024-04-04 09:39:03.797847',3,88,5),(11,'2024-04-04 09:39:03.801570','2024-04-04 09:39:03.801570',2,84,5),(12,'2024-04-04 09:40:48.290378','2024-04-04 09:40:48.290378',2,56,7),(13,'2024-04-04 09:40:48.292992','2024-04-04 09:40:48.292992',3,57,7),(14,'2024-04-04 09:40:48.295551','2024-04-04 09:40:48.295551',2,53,7),(15,'2024-04-04 09:40:48.299180','2024-04-04 09:40:48.299180',3,58,7),(16,'2024-04-04 09:49:25.541537','2024-04-04 09:49:25.541537',3,4,8),(17,'2024-04-04 09:49:25.549208','2024-04-04 09:49:25.549208',1,3,8),(18,'2024-04-04 09:49:25.555747','2024-04-04 09:49:25.555747',3,7,8),(19,'2024-04-04 09:49:25.562359','2024-04-04 09:49:25.562359',1,6,8),(20,'2024-04-04 09:49:25.568429','2024-04-04 09:49:25.568429',1,2,8),(21,'2024-04-04 09:50:43.278455','2024-04-04 09:50:43.278455',2,31,10),(22,'2024-04-04 09:52:39.695016','2024-04-04 09:52:39.695016',1,87,11),(23,'2024-04-04 09:52:39.700525','2024-04-04 09:52:39.700525',3,86,11),(24,'2024-04-04 09:52:39.705629','2024-04-04 09:52:39.705629',1,90,11),(25,'2024-04-04 09:52:39.710807','2024-04-04 09:52:39.710807',1,85,11),(26,'2024-04-04 09:55:20.425007','2024-04-04 09:55:20.425007',2,59,12),(27,'2024-04-04 09:55:20.428572','2024-04-04 09:55:20.428572',3,71,12),(28,'2024-04-04 09:55:20.432082','2024-04-04 09:55:20.432082',2,68,12),(29,'2024-04-04 09:55:20.435994','2024-04-04 09:55:20.435994',1,60,12),(30,'2024-04-04 09:55:20.439765','2024-04-04 09:55:20.439765',3,70,12),(31,'2024-04-04 09:55:20.443676','2024-04-04 09:55:20.443676',1,63,12),(32,'2024-04-04 09:55:47.204139','2024-04-04 09:55:47.204139',2,77,13),(33,'2024-04-04 09:55:47.207626','2024-04-04 09:55:47.207626',1,74,13),(34,'2024-04-04 09:55:47.211130','2024-04-04 09:55:47.211130',2,80,13),(35,'2024-04-04 09:55:47.214566','2024-04-04 09:55:47.214566',2,75,13),(36,'2024-04-04 09:55:47.219388','2024-04-04 09:55:47.219388',3,83,13),(37,'2024-04-04 09:56:22.548082','2024-04-04 09:56:22.548082',2,86,14),(38,'2024-04-04 09:56:22.551980','2024-04-04 09:56:22.551980',1,94,14),(39,'2024-04-04 09:56:22.555395','2024-04-04 09:56:22.555395',2,90,14),(40,'2024-04-04 09:56:22.558898','2024-04-04 09:56:22.558898',2,84,14),(41,'2024-04-04 09:57:53.937058','2024-04-04 09:57:53.937058',2,33,15),(42,'2024-04-04 09:57:53.940255','2024-04-04 09:57:53.940255',3,34,15),(43,'2024-04-04 09:57:53.943418','2024-04-04 09:57:53.943418',3,32,15),(44,'2024-04-04 09:59:46.097221','2024-04-04 09:59:46.097221',2,12,17),(45,'2024-04-04 09:59:46.100457','2024-04-04 09:59:46.100457',1,8,17),(46,'2024-04-04 09:59:46.103578','2024-04-04 09:59:46.103578',3,5,17),(47,'2024-04-04 09:59:46.108407','2024-04-04 09:59:46.108407',2,7,17),(48,'2024-04-04 09:59:46.111463','2024-04-04 09:59:46.111463',2,1,17),(49,'2024-04-04 10:01:19.183021','2024-04-04 10:01:19.183021',1,34,18),(50,'2024-04-04 10:01:19.186547','2024-04-04 10:01:19.186547',1,32,18),(51,'2024-04-04 10:01:19.190080','2024-04-04 10:01:19.190080',3,33,18),(52,'2024-04-04 10:01:19.193434','2024-04-04 10:01:19.193434',2,35,18),(53,'2024-04-04 10:04:46.943611','2024-04-04 10:04:46.943611',1,106,19),(54,'2024-04-04 10:04:46.946783','2024-04-04 10:04:46.946783',2,103,19),(55,'2024-04-04 10:04:46.949941','2024-04-04 10:04:46.949941',3,101,19),(56,'2024-04-04 10:04:46.953113','2024-04-04 10:04:46.953113',1,107,19),(57,'2024-04-04 10:04:46.956061','2024-04-04 10:04:46.956061',2,104,19),(58,'2024-04-04 10:04:46.959236','2024-04-04 10:04:46.959236',2,108,19),(59,'2024-04-04 10:05:37.165622','2024-04-04 10:05:37.165622',3,56,20),(60,'2024-04-04 10:05:37.169867','2024-04-04 10:05:37.169867',1,58,20),(61,'2024-04-04 10:05:37.173749','2024-04-04 10:05:37.173749',2,50,20),(62,'2024-04-04 10:06:07.145462','2024-04-04 10:06:07.145462',3,31,21),(63,'2024-04-04 10:06:44.963108','2024-04-04 10:06:44.963108',2,21,22),(64,'2024-04-04 10:06:44.966409','2024-04-04 10:06:44.966409',2,27,22),(65,'2024-04-04 10:06:44.972516','2024-04-04 10:06:44.972516',3,28,22),(66,'2024-04-04 10:07:40.678406','2024-04-04 10:07:40.678406',3,92,23),(67,'2024-04-04 10:07:40.681496','2024-04-04 10:07:40.681496',1,95,23),(68,'2024-04-04 10:07:40.684583','2024-04-04 10:07:40.684583',3,86,23),(69,'2024-04-04 10:07:40.687702','2024-04-04 10:07:40.687702',2,99,23),(70,'2024-04-04 10:07:40.690676','2024-04-04 10:07:40.690676',1,88,23),(71,'2024-04-04 10:07:40.696466','2024-04-04 10:07:40.696466',2,90,23),(72,'2024-04-04 10:09:07.468417','2024-04-04 10:09:07.468417',3,30,24),(73,'2024-04-04 10:10:17.803605','2024-04-04 10:10:17.803605',3,108,25),(74,'2024-04-04 10:10:17.806514','2024-04-04 10:10:17.806514',2,107,25),(75,'2024-04-04 10:10:17.809269','2024-04-04 10:10:17.809269',3,104,25),(76,'2024-04-04 10:10:17.812262','2024-04-04 10:10:17.812262',3,102,25),(77,'2024-04-04 10:11:21.509788','2024-04-04 10:11:21.509788',3,106,26),(78,'2024-04-04 10:11:21.513826','2024-04-04 10:11:21.513826',1,103,26),(79,'2024-04-04 10:11:21.517947','2024-04-04 10:11:21.517947',1,102,26),(80,'2024-04-04 10:11:21.520698','2024-04-04 10:11:21.520698',1,105,26),(81,'2024-04-04 10:11:21.523414','2024-04-04 10:11:21.523414',1,107,26),(82,'2024-04-04 10:14:19.544099','2024-04-04 10:14:19.544099',2,48,27),(83,'2024-04-04 10:14:19.546878','2024-04-04 10:14:19.546878',3,43,27),(84,'2024-04-04 10:14:19.549432','2024-04-04 10:14:19.549432',1,46,27),(85,'2024-04-04 10:14:19.553222','2024-04-04 10:14:19.553222',1,49,27),(86,'2024-04-04 10:14:19.555771','2024-04-04 10:14:19.555771',2,42,27),(87,'2024-04-04 10:14:19.558300','2024-04-04 10:14:19.558300',2,41,27),(88,'2024-04-04 10:15:24.743288','2024-04-04 10:15:24.743288',3,56,28),(89,'2024-04-04 10:15:24.746177','2024-04-04 10:15:24.746177',1,50,28),(90,'2024-04-04 10:15:24.748962','2024-04-04 10:15:24.748962',3,58,28),(91,'2024-04-04 10:15:24.752960','2024-04-04 10:15:24.752960',2,52,28),(92,'2024-04-04 10:41:50.907936','2024-04-04 10:41:50.907936',3,30,29),(93,'2024-04-04 11:15:12.654568','2024-04-04 11:15:12.654568',3,29,30),(94,'2024-04-04 11:17:09.201880','2024-04-04 11:17:09.201880',1,30,31),(95,'2024-04-04 11:18:28.101829','2024-04-04 11:18:28.101829',3,31,32),(96,'2024-04-04 11:22:31.395391','2024-04-04 11:22:31.395391',2,51,33),(97,'2024-04-04 11:22:31.398376','2024-04-04 11:22:31.398376',2,55,33),(98,'2024-04-04 11:22:31.401389','2024-04-04 11:22:31.401389',3,57,33),(99,'2024-04-04 11:22:31.404107','2024-04-04 11:22:31.404107',3,50,33);
/*!40000 ALTER TABLE `order_menu` ENABLE KEYS */;
UNLOCK TABLES;

--
-- Table structure for table `participant`
--

DROP TABLE IF EXISTS `participant`;
/*!40101 SET @saved_cs_client     = @@character_set_client */;
/*!50503 SET character_set_client = utf8mb4 */;
CREATE TABLE `participant` (
  `participant_id` bigint NOT NULL AUTO_INCREMENT,
  `created_at` datetime(6) DEFAULT NULL,
  `updated_at` datetime(6) DEFAULT NULL,
  `is_drink_alcohol` tinyint NOT NULL,
  `pay_agree` tinyint NOT NULL,
  `pay_amount` bigint DEFAULT NULL,
  `member_id` bigint NOT NULL,
  `pay_id` bigint NOT NULL,
  PRIMARY KEY (`participant_id`),
  KEY `FKltl2dk33cemkl32l5fo3jmh85` (`member_id`),
  KEY `FKh268ixbokvva4x3mynvwof05s` (`pay_id`),
  CONSTRAINT `FKh268ixbokvva4x3mynvwof05s` FOREIGN KEY (`pay_id`) REFERENCES `pay` (`pay_id`),
  CONSTRAINT `FKltl2dk33cemkl32l5fo3jmh85` FOREIGN KEY (`member_id`) REFERENCES `member` (`member_id`)
) ENGINE=InnoDB AUTO_INCREMENT=129 DEFAULT CHARSET=utf8mb4 COLLATE=utf8mb4_0900_ai_ci;
/*!40101 SET character_set_client = @saved_cs_client */;

--
-- Dumping data for table `participant`
--

LOCK TABLES `participant` WRITE;
/*!40000 ALTER TABLE `participant` DISABLE KEYS */;
INSERT INTO `participant` VALUES (1,'2024-04-04 09:04:35.129718','2024-04-04 09:06:41.525510',1,1,94800,3,1),(2,'2024-04-04 09:08:36.305825','2024-04-04 09:09:28.984906',1,1,14400,4,2),(3,'2024-04-04 09:21:59.636238','2024-04-04 09:22:26.857997',1,1,2000,3,3),(4,'2024-04-04 09:21:59.638920','2024-04-04 09:22:26.858089',1,1,2000,2,3),(5,'2024-04-04 09:38:14.274597','2024-04-04 09:38:14.274597',1,0,NULL,2,4),(6,'2024-04-04 09:38:14.276950','2024-04-04 09:38:14.276950',1,0,NULL,4,4),(7,'2024-04-04 09:38:40.403919','2024-04-04 10:10:44.324897',1,1,50500,4,5),(8,'2024-04-04 09:38:40.406364','2024-04-04 10:10:44.324948',1,1,50500,2,5),(9,'2024-04-04 09:40:16.766520','2024-04-04 09:40:52.860573',1,1,56000,4,6),(10,'2024-04-04 09:40:16.769210','2024-04-04 09:40:52.860648',1,1,56000,2,6),(11,'2024-04-04 09:41:28.212835','2024-04-04 09:41:28.212835',1,0,NULL,4,7),(12,'2024-04-04 09:41:28.215456','2024-04-04 09:41:28.215456',1,0,NULL,2,7),(13,'2024-04-04 09:42:08.641903','2024-04-04 09:42:08.641903',1,0,NULL,4,8),(14,'2024-04-04 09:42:08.644372','2024-04-04 09:42:08.644372',1,0,NULL,2,8),(15,'2024-04-04 09:42:25.617795','2024-04-04 09:42:25.617795',1,0,NULL,4,9),(16,'2024-04-04 09:42:25.620316','2024-04-04 09:42:25.620316',1,0,NULL,2,9),(17,'2024-04-04 09:42:31.999844','2024-04-04 09:42:31.999844',1,0,NULL,4,10),(18,'2024-04-04 09:42:32.002335','2024-04-04 09:42:32.002335',1,0,NULL,2,10),(19,'2024-04-04 09:42:47.266080','2024-04-04 09:42:47.266080',1,0,NULL,4,11),(20,'2024-04-04 09:42:47.268557','2024-04-04 09:42:47.268557',1,0,NULL,2,11),(21,'2024-04-04 09:42:57.187713','2024-04-04 09:42:57.187713',1,0,NULL,4,12),(22,'2024-04-04 09:42:57.190160','2024-04-04 09:42:57.190160',1,0,NULL,2,12),(23,'2024-04-04 09:43:56.339752','2024-04-04 09:43:59.710244',1,1,NULL,4,13),(24,'2024-04-04 09:46:37.758386','2024-04-04 09:46:37.758386',1,0,NULL,2,14),(25,'2024-04-04 09:46:37.760781','2024-04-04 09:46:37.760781',1,0,NULL,4,14),(26,'2024-04-04 09:46:37.765918','2024-04-04 09:46:37.765918',1,0,NULL,7,14),(27,'2024-04-04 09:46:49.648649','2024-04-04 09:46:49.648649',1,0,NULL,2,15),(28,'2024-04-04 09:46:49.650980','2024-04-04 09:46:49.650980',1,0,NULL,4,15),(29,'2024-04-04 09:46:49.656181','2024-04-04 09:46:49.656181',1,0,NULL,7,15),(30,'2024-04-04 09:47:08.141071','2024-04-04 09:49:16.945381',1,1,NULL,2,16),(31,'2024-04-04 09:47:08.143775','2024-04-04 09:49:16.945154',1,1,NULL,4,16),(32,'2024-04-04 09:47:08.152255','2024-04-04 09:49:16.945541',1,1,NULL,7,16),(33,'2024-04-04 09:48:04.634796','2024-04-04 09:48:04.634796',1,0,NULL,7,17),(34,'2024-04-04 09:48:04.642606','2024-04-04 09:48:04.642606',1,0,NULL,2,17),(35,'2024-04-04 09:48:04.670133','2024-04-04 09:48:04.670133',1,0,NULL,4,17),(36,'2024-04-04 09:48:39.370305','2024-04-04 10:10:41.531777',1,1,207500,2,18),(37,'2024-04-04 09:48:39.385771','2024-04-04 10:10:41.531727',1,1,207500,7,18),(38,'2024-04-04 09:49:54.128381','2024-04-04 09:50:53.251080',1,1,1333,2,19),(39,'2024-04-04 09:49:54.131698','2024-04-04 09:50:53.251262',1,1,1333,4,19),(40,'2024-04-04 09:49:54.139040','2024-04-04 09:50:53.251417',1,1,1333,7,19),(41,'2024-04-04 09:51:54.943756','2024-04-04 09:56:47.813808',1,1,28650,7,20),(42,'2024-04-04 09:51:54.947113','2024-04-04 09:56:47.813680',1,1,28650,2,20),(43,'2024-04-04 09:53:05.425387','2024-04-04 09:53:26.577532',1,1,NULL,7,21),(44,'2024-04-04 09:53:05.429936','2024-04-04 09:53:26.577327',1,1,NULL,2,21),(45,'2024-04-04 09:55:07.682510','2024-04-04 09:55:23.306301',1,1,79000,2,22),(46,'2024-04-04 09:55:07.685966','2024-04-04 09:55:23.306434',1,1,79000,7,22),(47,'2024-04-04 09:55:35.522994','2024-04-04 09:55:49.873063',1,1,38500,2,23),(48,'2024-04-04 09:55:35.526306','2024-04-04 09:55:49.873204',1,1,38500,7,23),(49,'2024-04-04 09:56:09.394074','2024-04-04 09:56:25.458030',1,1,35750,2,24),(50,'2024-04-04 09:56:09.396831','2024-04-04 09:56:25.458148',1,1,35750,7,24),(51,'2024-04-04 09:57:04.348568','2024-04-04 09:57:56.498256',1,1,542500,7,25),(52,'2024-04-04 09:57:04.351622','2024-04-04 09:57:56.498359',1,1,542500,2,25),(53,'2024-04-04 09:59:00.439428','2024-04-04 09:59:53.399390',1,1,117333,7,26),(54,'2024-04-04 09:59:00.442204','2024-04-04 09:59:53.399498',1,1,117333,2,26),(55,'2024-04-04 09:59:00.449194','2024-04-04 09:59:53.399588',1,1,117333,4,26),(56,'2024-04-04 10:00:13.357752','2024-04-04 10:00:13.357752',1,0,NULL,2,27),(57,'2024-04-04 10:00:13.360652','2024-04-04 10:00:13.360652',1,0,NULL,4,27),(58,'2024-04-04 10:00:13.366654','2024-04-04 10:00:13.366654',1,0,NULL,7,27),(59,'2024-04-04 10:01:03.278702','2024-04-04 10:01:25.034876',1,1,377500,2,28),(60,'2024-04-04 10:01:03.281706','2024-04-04 10:01:25.034990',1,1,377500,7,28),(61,'2024-04-04 10:04:32.752951','2024-04-04 10:04:50.082085',1,1,49500,7,29),(62,'2024-04-04 10:04:32.755851','2024-04-04 10:04:50.082207',1,1,49500,2,29),(63,'2024-04-04 10:05:06.289380','2024-04-04 10:05:39.681899',1,1,25000,2,30),(64,'2024-04-04 10:05:06.292020','2024-04-04 10:05:39.682007',1,1,25000,7,30),(65,'2024-04-04 10:05:56.163620','2024-04-04 10:06:10.551516',1,1,3000,2,31),(66,'2024-04-04 10:05:56.166119','2024-04-04 10:06:10.551612',1,1,3000,7,31),(67,'2024-04-04 10:06:23.719999','2024-04-04 10:10:37.050920',1,1,19950,2,32),(68,'2024-04-04 10:06:23.723131','2024-04-04 10:10:37.050869',1,1,19950,7,32),(69,'2024-04-04 10:07:24.354200','2024-04-04 10:07:43.464846',1,1,59350,2,33),(70,'2024-04-04 10:07:24.356869','2024-04-04 10:07:43.464939',1,1,59350,7,33),(71,'2024-04-04 10:08:01.644807','2024-04-04 10:08:09.805393',1,1,NULL,7,34),(72,'2024-04-04 10:08:01.647476','2024-04-04 10:08:09.805500',1,1,NULL,2,34),(73,'2024-04-04 10:08:56.981258','2024-04-04 10:09:10.126279',1,1,3000,2,35),(74,'2024-04-04 10:08:56.983803','2024-04-04 10:09:10.126364',1,1,3000,7,35),(75,'2024-04-04 10:09:19.367175','2024-04-04 10:26:03.050421',1,1,47850,2,36),(76,'2024-04-04 10:09:19.369787','2024-04-04 10:26:03.050471',1,1,47850,7,36),(77,'2024-04-04 10:11:10.607455','2024-04-04 10:11:23.561032',1,1,27750,2,37),(78,'2024-04-04 10:11:10.609753','2024-04-04 10:11:23.561116',1,1,27750,7,37),(79,'2024-04-04 10:14:04.919557','2024-04-04 10:14:24.706914',1,1,19600,2,38),(80,'2024-04-04 10:14:04.921922','2024-04-04 10:14:24.706984',1,1,19600,7,38),(81,'2024-04-04 10:15:03.756584','2024-04-04 10:15:28.791518',1,1,27666,2,39),(82,'2024-04-04 10:15:03.759210','2024-04-04 10:15:28.791584',1,1,27666,4,39),(83,'2024-04-04 10:15:03.764888','2024-04-04 10:15:28.791636',1,1,27666,7,39),(84,'2024-04-04 10:41:23.110441','2024-04-04 10:43:14.181308',1,1,1500,10,40),(85,'2024-04-04 10:41:23.112976','2024-04-04 10:41:57.427150',1,1,1500,2,40),(86,'2024-04-04 10:41:23.118010','2024-04-04 10:41:57.448706',1,1,1500,4,40),(87,'2024-04-04 10:41:23.122648','2024-04-04 10:43:14.181271',1,1,1500,7,40),(88,'2024-04-04 11:13:34.069211','2024-04-04 11:13:34.069211',1,0,NULL,10,41),(89,'2024-04-04 11:13:34.074951','2024-04-04 11:13:34.074951',1,0,NULL,9,41),(90,'2024-04-04 11:13:34.111331','2024-04-04 11:13:34.111331',1,0,NULL,2,41),(91,'2024-04-04 11:13:52.525862','2024-04-04 11:15:14.780232',1,1,0,10,42),(92,'2024-04-04 11:13:52.529146','2024-04-04 11:15:14.740195',1,1,3600,9,42),(93,'2024-04-04 11:13:52.540343','2024-04-04 11:15:14.780398',1,1,7200,2,42),(94,'2024-04-04 11:13:52.548514','2024-04-04 11:15:14.780538',1,1,3600,7,42),(95,'2024-04-04 11:15:30.390263','2024-04-04 11:17:11.455044',1,1,333,10,43),(96,'2024-04-04 11:15:30.393689','2024-04-04 11:22:52.378676',1,1,333,9,43),(97,'2024-04-04 11:15:30.408789','2024-04-04 11:17:11.455363',1,1,333,2,43),(98,'2024-04-04 11:15:30.416597','2024-04-04 11:22:52.378617',1,1,333,7,43),(99,'2024-04-04 11:15:30.428190','2024-04-04 11:17:11.510169',1,1,333,1,43),(100,'2024-04-04 11:15:30.435325','2024-04-04 11:17:11.510262',1,1,333,4,43),(101,'2024-04-04 11:17:22.734493','2024-04-04 11:18:52.037661',1,1,0,10,44),(102,'2024-04-04 11:17:22.737312','2024-04-04 11:18:52.037736',1,1,2000,9,44),(103,'2024-04-04 11:17:22.743311','2024-04-04 11:18:45.082088',1,1,1000,2,44),(104,'2024-04-04 11:17:22.748778','2024-04-04 11:18:45.082242',1,1,1000,7,44),(105,'2024-04-04 11:17:22.754558','2024-04-04 11:18:52.037808',1,1,0,1,44),(106,'2024-04-04 11:17:22.760615','2024-04-04 11:18:52.037864',1,1,2000,4,44),(107,'2024-04-04 11:19:10.898185','2024-04-04 11:19:10.898185',1,0,NULL,10,45),(108,'2024-04-04 11:19:10.900705','2024-04-04 11:19:10.900705',1,0,NULL,9,45),(109,'2024-04-04 11:19:10.906403','2024-04-04 11:19:10.906403',1,0,NULL,2,45),(110,'2024-04-04 11:19:10.911767','2024-04-04 11:19:10.911767',1,0,NULL,7,45),(111,'2024-04-04 11:19:10.916901','2024-04-04 11:19:10.916901',1,0,NULL,1,45),(112,'2024-04-04 11:19:10.922190','2024-04-04 11:19:10.922190',1,0,NULL,4,45),(113,'2024-04-04 11:19:19.841712','2024-04-04 11:19:19.841712',1,0,NULL,10,46),(114,'2024-04-04 11:19:19.844913','2024-04-04 11:19:19.844913',1,0,NULL,9,46),(115,'2024-04-04 11:19:19.851316','2024-04-04 11:19:19.851316',1,0,NULL,2,46),(116,'2024-04-04 11:19:19.857077','2024-04-04 11:19:19.857077',1,0,NULL,7,46),(117,'2024-04-04 11:19:19.863265','2024-04-04 11:19:19.863265',1,0,NULL,1,46),(118,'2024-04-04 11:19:19.868932','2024-04-04 11:19:19.868932',1,0,NULL,4,46),(119,'2024-04-04 11:21:47.337726','2024-04-04 11:22:33.557631',1,1,18333,10,47),(120,'2024-04-04 11:21:47.340184','2024-04-04 11:22:33.557746',1,1,18333,9,47),(121,'2024-04-04 11:21:47.345806','2024-04-04 11:22:33.557814',1,1,18333,2,47),(122,'2024-04-04 11:21:47.351514','2024-04-04 11:25:56.628165',1,1,18333,7,47),(123,'2024-04-04 11:21:47.356603','2024-04-04 11:25:56.628215',1,1,18333,1,47),(124,'2024-04-04 11:21:47.361679','2024-04-04 11:22:33.558011',1,1,18333,4,47),(125,'2024-04-04 11:25:12.153613','2024-04-04 11:25:12.153613',1,0,NULL,4,48),(126,'2024-04-04 11:25:12.155936','2024-04-04 11:25:12.155936',1,0,NULL,2,48),(127,'2024-04-04 11:25:12.161099','2024-04-04 11:25:12.161099',1,0,NULL,7,48),(128,'2024-04-04 11:25:12.166042','2024-04-04 11:25:12.166042',1,0,NULL,10,48);
/*!40000 ALTER TABLE `participant` ENABLE KEYS */;
UNLOCK TABLES;

--
-- Table structure for table `pay`
--

DROP TABLE IF EXISTS `pay`;
/*!40101 SET @saved_cs_client     = @@character_set_client */;
/*!50503 SET character_set_client = utf8mb4 */;
CREATE TABLE `pay` (
  `pay_id` bigint NOT NULL AUTO_INCREMENT,
  `created_at` datetime(6) DEFAULT NULL,
  `updated_at` datetime(6) DEFAULT NULL,
  `opener_id` bigint NOT NULL,
  `pay_status` enum('OPEN','ING','COMPLETE','CLOSE') NOT NULL,
  `total_pay_amount` bigint DEFAULT NULL,
  `meet_id` bigint DEFAULT NULL,
  PRIMARY KEY (`pay_id`),
  KEY `FKgd6x0fjy9sgyat4vvb2dfj9co` (`meet_id`),
  CONSTRAINT `FKgd6x0fjy9sgyat4vvb2dfj9co` FOREIGN KEY (`meet_id`) REFERENCES `meet` (`meet_id`)
) ENGINE=InnoDB AUTO_INCREMENT=49 DEFAULT CHARSET=utf8mb4 COLLATE=utf8mb4_0900_ai_ci;
/*!40101 SET character_set_client = @saved_cs_client */;

--
-- Dumping data for table `pay`
--

LOCK TABLES `pay` WRITE;
/*!40000 ALTER TABLE `pay` DISABLE KEYS */;
INSERT INTO `pay` VALUES (5,'2024-04-04 10:10:44.330505','2024-04-04 10:10:44.330505',4,'CLOSE',101000,6),(18,'2024-04-04 10:10:41.537301','2024-04-04 10:10:41.537301',2,'CLOSE',415000,6),(28,'2023-12-12 12:58:00.000000','2023-12-12 12:58:00.000000',2,'CLOSE',755000,6),(29,'2023-12-12 12:58:00.000000','2023-12-12 12:58:00.000000',7,'CLOSE',99000,6),(30,'2024-01-04 10:05:39.700703','2024-01-04 10:05:39.700703',2,'CLOSE',50000,6),(31,'2024-01-04 10:06:10.568888','2024-01-04 10:06:10.568888',2,'CLOSE',6000,6),(32,'2024-01-04 10:06:48.493417','2024-01-04 10:06:48.493417',2,'CLOSE',39900,6),(33,'2024-02-04 10:07:43.483382','2024-02-04 10:07:43.483382',2,'CLOSE',118700,6),(34,'2024-02-04 10:08:09.805575','2024-02-04 10:08:09.805575',7,'ING',NULL,6),(35,'2024-03-04 10:09:10.152513','2024-03-04 10:09:10.152513',2,'CLOSE',6000,6),(36,'2024-03-04 10:10:20.512203','2024-04-04 10:26:03.056564',2,'CLOSE',95700,6),(37,'2024-04-04 10:11:23.579388','2024-04-04 10:11:23.579388',2,'CLOSE',55500,6),(38,'2024-04-04 10:14:04.916656','2024-04-04 10:14:24.723680',2,'CLOSE',39200,6),(39,'2024-04-04 10:15:03.753780','2024-04-04 10:15:28.815337',2,'CLOSE',83000,6),(40,'2024-04-04 10:41:23.107620','2024-04-04 10:43:14.186870',10,'CLOSE',6000,6),(41,'2024-04-04 11:13:34.060061','2024-04-04 11:13:34.060061',10,'OPEN',NULL,10),(42,'2024-04-04 11:13:52.522187','2024-04-04 11:15:14.861984',10,'COMPLETE',14400,10),(43,'2024-04-04 11:15:30.386508','2024-04-04 11:22:52.384469',10,'CLOSE',2000,10),(44,'2024-04-04 11:17:22.731308','2024-04-04 11:18:45.187110',10,'COMPLETE',6000,10),(45,'2024-04-04 11:19:10.895221','2024-04-04 11:19:10.895221',10,'OPEN',NULL,10),(46,'2024-04-04 11:19:19.838260','2024-04-04 11:19:19.838260',10,'OPEN',NULL,10),(47,'2024-04-04 11:21:47.334700','2024-04-04 11:25:56.634321',10,'CLOSE',110000,10),(48,'2024-04-04 11:25:12.150779','2024-04-04 11:25:12.150779',4,'OPEN',NULL,6);
/*!40000 ALTER TABLE `pay` ENABLE KEYS */;
UNLOCK TABLES;

--
-- Table structure for table `pay_instead`
--

DROP TABLE IF EXISTS `pay_instead`;
/*!40101 SET @saved_cs_client     = @@character_set_client */;
/*!50503 SET character_set_client = utf8mb4 */;
CREATE TABLE `pay_instead` (
  `pay_instead_id` bigint NOT NULL AUTO_INCREMENT,
  `created_at` datetime(6) DEFAULT NULL,
  `updated_at` datetime(6) DEFAULT NULL,
  `amount` bigint NOT NULL,
  `payback` bit(1) NOT NULL,
  `borrower_id` bigint NOT NULL,
  `lender_id` bigint NOT NULL,
  `pay_id` bigint NOT NULL,
  PRIMARY KEY (`pay_instead_id`),
  KEY `FK4cknv116uogu7pb11vwin2yrf` (`borrower_id`),
  KEY `FK55956omxxogtnxejtgp7umca7` (`lender_id`),
  KEY `FKj1asb979ruu517w88r8xjsa71` (`pay_id`),
  CONSTRAINT `FK4cknv116uogu7pb11vwin2yrf` FOREIGN KEY (`borrower_id`) REFERENCES `member` (`member_id`),
  CONSTRAINT `FK55956omxxogtnxejtgp7umca7` FOREIGN KEY (`lender_id`) REFERENCES `member` (`member_id`),
  CONSTRAINT `FKj1asb979ruu517w88r8xjsa71` FOREIGN KEY (`pay_id`) REFERENCES `pay` (`pay_id`)
) ENGINE=InnoDB AUTO_INCREMENT=12 DEFAULT CHARSET=utf8mb4 COLLATE=utf8mb4_0900_ai_ci;
/*!40101 SET character_set_client = @saved_cs_client */;

--
-- Dumping data for table `pay_instead`
--

LOCK TABLES `pay_instead` WRITE;
/*!40000 ALTER TABLE `pay_instead` DISABLE KEYS */;
INSERT INTO `pay_instead` VALUES (1,'2024-04-04 09:38:47.732952','2024-04-04 10:10:44.324808',50500,_binary '',2,4,5),(2,'2024-04-04 09:49:13.956258','2024-04-04 10:10:41.531640',207500,_binary '',2,7,18),(3,'2024-04-04 09:52:24.977757','2024-04-04 09:56:47.813534',28650,_binary '',7,2,20),(4,'2024-04-04 10:06:37.567073','2024-04-04 10:10:37.050777',19950,_binary '',2,7,32),(5,'2024-04-04 10:10:09.526463','2024-04-04 10:26:03.050337',47850,_binary '',7,2,36),(6,'2024-04-04 10:41:35.693415','2024-04-04 10:43:14.181187',1500,_binary '',10,7,40),(7,'2024-04-04 11:14:23.732639','2024-04-04 11:15:14.740533',3600,_binary '\0',10,2,42),(8,'2024-04-04 11:16:10.698054','2024-04-04 11:22:52.378502',333,_binary '',9,7,43),(9,'2024-04-04 11:18:09.991847','2024-04-04 11:18:45.069800',1000,_binary '\0',10,4,44),(10,'2024-04-04 11:18:09.991724','2024-04-04 11:18:45.082496',1000,_binary '\0',1,9,44),(11,'2024-04-04 11:22:19.945555','2024-04-04 11:25:56.628062',18333,_binary '',1,7,47);
/*!40000 ALTER TABLE `pay_instead` ENABLE KEYS */;
UNLOCK TABLES;

--
-- Table structure for table `store`
--

DROP TABLE IF EXISTS `store`;
/*!40101 SET @saved_cs_client     = @@character_set_client */;
/*!50503 SET character_set_client = utf8mb4 */;
CREATE TABLE `store` (
  `store_id` bigint NOT NULL AUTO_INCREMENT,
  `created_at` datetime(6) DEFAULT NULL,
  `updated_at` datetime(6) DEFAULT NULL,
  `account_number` varchar(100) NOT NULL,
  `address` varchar(50) NOT NULL,
  `phone` varchar(20) NOT NULL,
  `store_category` enum('FOOD','LEISURE','TRANSPORT') NOT NULL,
  `store_name` varchar(20) NOT NULL,
  PRIMARY KEY (`store_id`)
) ENGINE=InnoDB AUTO_INCREMENT=14 DEFAULT CHARSET=utf8mb4 COLLATE=utf8mb4_0900_ai_ci;
/*!40101 SET character_set_client = @saved_cs_client */;

--
-- Dumping data for table `store`
--

LOCK TABLES `store` WRITE;
/*!40000 ALTER TABLE `store` DISABLE KEYS */;
INSERT INTO `store` VALUES (1,'2024-04-04 09:06:08.000000','2024-04-04 09:06:08.000000','10','서울 강남구 테헤란로4길 15 메가시티오피스텔 1층','02-556-9279','FOOD','뽕족 강남 본점'),(2,'2024-04-04 09:06:08.000000','2024-04-04 09:06:08.000000','11','서울 강남구 테헤란로 211','1522-3232','FOOD','스타벅스 역삼대로점'),(3,'2024-04-04 09:06:08.000000','2024-04-04 09:06:08.000000','12','서울 강남구 테헤란로 208 바나프레소','070-8998-8941','FOOD','바나프레소 테헤란로점'),(4,'2024-04-04 09:06:08.000000','2024-04-04 09:06:08.000000','13','서울 강남구 역삼로3길 20-4','02-501-2772','FOOD','농민백암순대'),(5,'2024-04-04 09:06:08.000000','2024-04-04 09:06:08.000000','14','서울 강남구 강남대로98길 11 1층','02-596-0909','FOOD','교촌치킨 강남역점'),(6,'2024-04-04 09:06:08.000000','2024-04-04 09:06:08.000000','15','서울 강남구 테헤란로20길 19 엘지역삼에클라트 1층 새마을식당','0507-1339-1587','FOOD','새마을식당 역삼스타타워점'),(7,'2024-04-04 09:06:08.000000','2024-04-04 09:06:08.000000','16','서울 강남구 테헤란로 326 역삼 아이타워','02-6207-9100','FOOD','맥도날드 선릉점'),(8,'2024-04-04 09:06:08.000000','2024-04-04 09:06:08.000000','17','서울 강남구 테헤란로4길 27 2층','010-2460-1371','FOOD','홍콩반점0410 강남역점'),(9,'2024-04-04 09:06:08.000000','2024-04-04 09:06:08.000000','20','서울 용산구 한강대로23길 55 현대아이파크몰 6층','1544-1122','LEISURE','CGV 용산아이파크몰'),(10,'2024-04-04 09:06:08.000000','2024-04-04 09:06:08.000000','21','서울 마포구 와우산로21길 37 JSJ','070-4405-9971','LEISURE','수노래연습장 홍대 본점'),(11,'2024-04-04 09:06:08.000000','2024-04-04 09:06:08.000000','22','서울 서초구 서초대로77길 54','010-2460-1371','LEISURE','인터파크티켓'),(12,'2024-04-04 09:06:08.000000','2024-04-04 09:06:08.000000','23','서울 강남구 테헤란로 212','010-2460-1371','LEISURE','싸피당구장'),(13,'2024-04-04 09:06:08.000000','2024-04-04 09:06:08.000000','30','서울 강남구 테헤란로 212','02-482-2447','TRANSPORT','싸피택시');
/*!40000 ALTER TABLE `store` ENABLE KEYS */;
UNLOCK TABLES;
/*!40103 SET TIME_ZONE=@OLD_TIME_ZONE */;

/*!40101 SET SQL_MODE=@OLD_SQL_MODE */;
/*!40014 SET FOREIGN_KEY_CHECKS=@OLD_FOREIGN_KEY_CHECKS */;
/*!40014 SET UNIQUE_CHECKS=@OLD_UNIQUE_CHECKS */;
/*!40101 SET CHARACTER_SET_CLIENT=@OLD_CHARACTER_SET_CLIENT */;
/*!40101 SET CHARACTER_SET_RESULTS=@OLD_CHARACTER_SET_RESULTS */;
/*!40101 SET COLLATION_CONNECTION=@OLD_COLLATION_CONNECTION */;
/*!40111 SET SQL_NOTES=@OLD_SQL_NOTES */;

-- Dump completed on 2024-04-04 11:26:01
